-- phpMyAdmin SQL Dump
-- version 4.6.4
-- https://www.phpmyadmin.net/
--
-- Host: 127.0.0.1
-- Generation Time: 05-Out-2016 às 04:44
-- Versão do servidor: 5.7.11
-- PHP Version: 7.0.4

SET SQL_MODE = "NO_AUTO_VALUE_ON_ZERO";
SET time_zone = "+00:00";


/*!40101 SET @OLD_CHARACTER_SET_CLIENT=@@CHARACTER_SET_CLIENT */;
/*!40101 SET @OLD_CHARACTER_SET_RESULTS=@@CHARACTER_SET_RESULTS */;
/*!40101 SET @OLD_COLLATION_CONNECTION=@@COLLATION_CONNECTION */;
/*!40101 SET NAMES utf8mb4 */;

--
-- Database: `eleicao`
--

DELIMITER $$
--
-- Functions
--
CREATE DEFINER=`sql7138865`@`sql7.freemysqlhosting.net` FUNCTION `quociente_eleitoral` (`vagas` INT) RETURNS INT(11) NO SQL
RETURN ROUND((SELECT SUM(votos) from partido) / vagas, 0)$$

CREATE DEFINER=`sql7138865`@`sql7.freemysqlhosting.net` FUNCTION `quociente_partidario` (`numero` INT, `quociente_eleitoral` INT) RETURNS INT(11) NO SQL
return FLOOR((SELECT votos from partido where partido.numero = numero) / quociente_eleitoral)$$

DELIMITER ;

-- --------------------------------------------------------

--
-- Estrutura da tabela `cidade`
--

CREATE TABLE `cidade` (
  `id_cidade` int(11) NOT NULL,
  `id_estado` int(11) NOT NULL,
  `nome` varchar(256) NOT NULL
) ENGINE=InnoDB DEFAULT CHARSET=latin1;

--
-- Extraindo dados da tabela `cidade`
--

INSERT INTO `cidade` (`id_cidade`, `id_estado`, `nome`) VALUES
(1, 1, 'xxx xxxxx'),
(2, 2, 'xxx xxxxx'),
(3, 3, 'xxx xxxxx'),
(4, 4, 'xxx xxxxx'),
(5, 5, 'xxx xxxxx'),
(6, 6, 'xxx xxxxx'),
(7, 7, 'xxx xxxxx'),
(8, 8, 'xxx xxxxx'),
(9, 9, 'xxx xxxxx'),
(10, 10, 'xxx xxxxx'),
(11, 11, 'xxx xxxxx'),
(12, 12, 'xxx xxxxx'),
(13, 13, 'xxx xxxxx'),
(14, 14, 'xxx xxxxx'),
(15, 15, 'xxx xxxxx'),
(16, 16, 'xxx xxxxx'),
(17, 17, 'xxx xxxxx'),
(18, 18, 'xxx xxxxx'),
(19, 19, 'xxx xxxxx'),
(20, 20, 'xxx xxxxx'),
(21, 21, 'xxx xxxxx'),
(22, 22, 'xxx xxxxx'),
(23, 23, 'xxx xxxxx'),
(24, 24, 'xxx xxxxx'),
(25, 25, 'xxx xxxxx'),
(26, 23, 'São Paulo'),
(27, 18, 'Natal'),
(29, 1, 'yyy yyyyy');

-- --------------------------------------------------------

--
-- Estrutura da tabela `coligacao`
--

CREATE TABLE `coligacao` (
  `id_coligacao` int(11) NOT NULL,
  `id_partido` int(11) NOT NULL,
  `nome_coligacao` varchar(256) NOT NULL
) ENGINE=InnoDB DEFAULT CHARSET=latin1;

-- --------------------------------------------------------

--
-- Estrutura da tabela `eleitor`
--

CREATE TABLE `eleitor` (
  `id_eleitor` bigint(12) NOT NULL,
  `id_cidade` int(11) NOT NULL,
  `nome` varchar(256) NOT NULL,
  `secao` int(11) NOT NULL,
  `zona` int(11) NOT NULL,
  `data_nascimento` date DEFAULT NULL,
  `data_cadastro` timestamp NOT NULL DEFAULT CURRENT_TIMESTAMP,
  `votou` tinyint(1) DEFAULT '0'
) ENGINE=InnoDB DEFAULT CHARSET=latin1;

--
-- Extraindo dados da tabela `eleitor`
--

INSERT INTO `eleitor` (`id_eleitor`, `id_cidade`, `nome`, `secao`, `zona`, `data_nascimento`, `data_cadastro`, `votou`) VALUES
(1, 27, 'Jose Antonio', 160, 301, '1998-07-06', '2016-10-03 18:20:32', 0),
(123456789035, 27, 'Maria Yolanda Medeiros', 160, 301, '1998-07-06', '2016-10-03 18:29:39', 0),
(123456789036, 23, 'Jose', 160, 301, '2016-10-03', '2016-10-03 18:42:34', 1),
(123456789038, 3, 'sdfsdf', 160, 301, '2016-10-03', '2016-10-03 19:00:51', 1),
(123456789039, 3, 'fgfg', 160, 301, '2016-10-03', '2016-10-04 02:59:37', 0);

-- --------------------------------------------------------

--
-- Estrutura da tabela `estado`
--

CREATE TABLE `estado` (
  `id_estado` int(11) NOT NULL,
  `nome` varchar(256) NOT NULL,
  `uf` varchar(2) NOT NULL
) ENGINE=InnoDB DEFAULT CHARSET=latin1;

--
-- Extraindo dados da tabela `estado`
--

INSERT INTO `estado` (`id_estado`, `nome`, `uf`) VALUES
(1, 'Acre', 'AC'),
(2, 'Alagoas', 'AL'),
(3, 'Amapá', 'AP'),
(4, 'Amazonas', 'AM'),
(5, 'Bahia', 'BA'),
(6, 'Ceará', 'CE'),
(7, 'Distrito Federal', 'DF'),
(8, 'Espírito Santo', 'ES'),
(9, 'Goiás', 'GO'),
(10, 'Maranhão', 'MA'),
(11, 'Mato Grosso', 'MT'),
(12, 'Mato Grosso do Sul', 'MS'),
(13, 'Minas Gerais', 'MG'),
(14, 'Pará', 'PA'),
(15, 'Paraíba', 'PB'),
(16, 'Pernambuco', 'PE'),
(17, 'Rio de Janeiro', 'RJ'),
(18, 'Rio Grande do Norte', 'RN'),
(19, 'Rio Grande do Sul', 'RS'),
(20, 'Rondônia', 'RO'),
(21, 'Roraima', 'RR'),
(22, 'Santa Catarina', 'SC'),
(23, 'São Paulo', 'SP'),
(24, 'Sergipe', 'SE'),
(25, 'Tocantins', 'TO');

-- --------------------------------------------------------

--
-- Estrutura da tabela `partido`
--

CREATE TABLE `partido` (
  `id_partido` int(11) NOT NULL,
  `nome_partido` varchar(256) NOT NULL,
  `sigla` varchar(6) NOT NULL,
  `slogan` varchar(256) DEFAULT NULL,
  `numero` int(11) NOT NULL,
  `logo` longblob,
  `data_criacao` timestamp NOT NULL DEFAULT CURRENT_TIMESTAMP,
  `votos` int(11) DEFAULT '0'
) ENGINE=InnoDB DEFAULT CHARSET=latin1;

--
-- Extraindo dados da tabela `partido`
--

INSERT INTO `partido` (`id_partido`, `nome_partido`, `sigla`, `slogan`, `numero`, `logo`, `data_criacao`, `votos`) VALUES
(2, 'Partido dos trabalhadores', 'PT', 'PT', 13, 0xffd8ffe000104a46494600010200000100010000ffdb004300080606070605080707070909080a0c140d0c0b0b0c1912130f141d1a1f1e1d1a1c1c20242e2720222c231c1c2837292c30313434341f27393d38323c2e333432ffdb0043010909090c0b0c180d0d1832211c213232323232323232323232323232323232323232323232323232323232323232323232323232323232323232323232323232ffc000110800c800c803012200021101031101ffc4001f0000010501010101010100000000000000000102030405060708090a0bffc400b5100002010303020403050504040000017d01020300041105122131410613516107227114328191a1082342b1c11552d1f02433627282090a161718191a25262728292a3435363738393a434445464748494a535455565758595a636465666768696a737475767778797a838485868788898a92939495969798999aa2a3a4a5a6a7a8a9aab2b3b4b5b6b7b8b9bac2c3c4c5c6c7c8c9cad2d3d4d5d6d7d8d9dae1e2e3e4e5e6e7e8e9eaf1f2f3f4f5f6f7f8f9faffc4001f0100030101010101010101010000000000000102030405060708090a0bffc400b51100020102040403040705040400010277000102031104052131061241510761711322328108144291a1b1c109233352f0156272d10a162434e125f11718191a262728292a35363738393a434445464748494a535455565758595a636465666768696a737475767778797a82838485868788898a92939495969798999aa2a3a4a5a6a7a8a9aab2b3b4b5b6b7b8b9bac2c3c4c5c6c7c8c9cad2d3d4d5d6d7d8d9dae2e3e4e5e6e7e8e9eaf2f3f4f5f6f7f8f9faffda000c03010002110311003f00f9fe8a28a0028a28a0028a2ad69ba75d6ad7d1d959a23cf2062aaf22c60ed52c7e66200e01ef40d26dd9156b4749d0754d71e41a759c932c58f365e1638f2091b9db0ab9da71923246064d75fa3782f4e8ec127d505c4d7ae0e6db21238b961cb2925f236b0c15c1e0eeaea55d92cedecd0edb6b64090c4bc2a0f61ea4e493d49249c924d71d5c6423a47567bb83c82bd6b4aafbabf1fbba7cfee38bd2bc03bfca9f57be48a23cbdb5b02d370f8da588d8b95c90c0be38caf5c6f3785fc3c2dd618f4b276e7f7d2dc48d2b739f9b0557db851c0f5e6b528ae29e2aacbadbd0fa1c3e4b83a3f6799f9ebff03f019a6c30690203a75bc16d2c1bbcb9e38944cbbb39fdee379e091d7a71d2adcb7d7739266ba9e427a97909fe755e8ac1ce52dd9e842852a7f0452f443b7b7f78fe753457f796e4186ee78c8ee9211fcaabd14aed1a38a7a3433528a1d604e751b782e659f6f9971244a666db8c7ef71bc7000ebd38e9c567af85fc3a6dda0974a3f363f7f15c48b2af39f977164f6e54f07d79ad3a2b48d6a91da4ce5a980c2d4f8a9afbbf538ed57c0217cd9f47bf49621ca5adc829372f8da180d8d85c12c4a679f94719e5f55d1eff0044bc16ba841e54a5048b87575753d0ab292186411c1e0823a822bd669ed2bbd8dcd93b6eb5b9429342dca38f7078c83820f50402304035d54f1d25f1a3c6c4f0e52926e84acfb3d57f9fe678ad15df6bbe0db296cd67d1a2922bb56024b769331bae00ca16e54839243120e4e0ae003c45ed9dc69f792da5d46639e26dacb907f1047041ea08e08e4577d3ab0a8af167cce2b055f0b2e5ab1b79f47f320a28a2b439428a28a0028a28a0028a28a0028a2ba8f0bf85e5be9edf50d42db3a59dcc034850dc1538da31f36ddc793c0215c060c2a673505cd235a34675e6a9d3576cada1f852f3556866b849ed34e9031176620c1b0180d8a59778dcbb4907e5efe87d12cadadb4bb392cf4e88dbdb48cad22eedcd2328c02eddcf538e002cd80334e8e38e18628628d238a2408888a00007f5ee4f52492724934eaf22be26551d9688fb8cbb28a5844a52d67dfb7a7f9ee145145731eb8514514005145496f6f35d5c476f6f199269582220ee4f00500da4aec94e9f7634d1a8981bec865f244bdb7e338f5e955abdba4f09ff00c5bffec05606758b7063ff003d73bff2ddc7d2bc526864b79a48664292c6c51d4f5041c115bd6a2e95afd4f3f2fcc218ce7b7d97f8746328a28ac0f4028a28a002a1bbb1b0d4a358752b44b88d46030f9644186c6d7c6460b96dbcae704a9a9a8aa8c9c5de2ccead1a75a2e1515d1e63ae786ef345632b0f3ac9a431c572b8018e32032e49538cf07ae1b04804d6357b33aa4b0cb0cb1a490ca86392375c8653fd7b83d41008c100d709e2af0ac96535cea7a65ae3481b1995642e6d8b1c6d6cfcdb770e0f20064058b1af570f89553dd96e7c566b944b0bfbca7ac3f15ebe5e672945145759e205145140051455ad374dbad5af96ceca3124eeaec14baa70aa59b9620745340d26dd91abe14d0db55d452e278565d3ad654fb52970370218aa63706c36c2a4afddce7d33e8d1c714312450c51c5146a111235c0000fd4fa93c939249249a6db595b69765169b652b4b6d013b6474546918fde720773db2490a1572768a92bc6c4d7752565b23ef328cb9612973497bef7f2f2ff3f30a28a2b98f5c28a28a0028a28a002bbaf867a1cb77acff006b48a45b5a065427f8a42318fc01cfe55c4451493cc90c485e59182228ea493802bdfbc31a41d0fc3b6960f832a2ee948fef9393f9671f8575e12973ceef6478b9e633d861b923bcb4f975ff002f99af5e3bf12b4496cb5d3a9a27fa2de632c3a2c80608fc40cfe75ec558be2bd1db5cf0e5dd94414ce543c39fefa9c8fa67a7e35e862297b4a6d753e5b2ac5fd5713193d9e8fd1ff91e034539d1e291a3914aba12aca7a823a8a6d7887e861451450014514500148c91c91bc53431cd0c8a51e39172ac0ff23dc11c838208201a5a29a6d3ba14a2a49c64ae99e63e25d0ce89a89585666b197e6b7965032dc0dca48e0952707a6460e00602b1abd8af6d5353d2aeb4d99c2c570b90c40c248a0ec7ced62003c12a376d2c075af25bdb2b9d3af24b4bc85a19e3237237b8c823d4104104704104715ece1ab7b58ebba3e0735cbde0eb7bbf0bdbfc8af45145741e5057a0783346b48f471aa4f187bd9a63f673b8feea350558f0d83b8b1186191e5823ef5721a0e92dae6b969a7097ca599ff792e01f2e300b3be091bb6a8638ce4e303935eb0eb6c8e52ceda3b5b65f9628631808a3803dce3a93c939249249ae3c655e5872add9ef64183f6d5fdac9691fcfa7ddbfdc368a28af24fb60a28a2800a28a2800a28a7223c922c71a9677215547524f41401da7c35d125bed786a6e9fe8b679f98f46908c01f8039fcabd8ab17c29a3b687e1bb4b294289c02f363fbec7247be381f856d57b787a7ece9a5d4fcf335c5fd6b13292d968bd17f98514515b9e71e33f11f44974ff0010bdfac605adee1958740e07cc0fb9ebf89ae36bdefc61a33eb9e1abab48515ae4624873fde0738fc4647e35e0aca558ab02181c107a835e3e2e97254bad99f7992633eb1865196f1d3e5d1ff5d84a28a2b94f6028a28a0028a28a002b94f1a68692d99d62d80134581761a4fbca76aa3283dc1f94807a152070c6baba8e7b3b4bf84dadf23b5ac981208db6b019eaa7d47519c8c8e411c56d42a7b39a91c598e1162b0f2a7d775ebd0f1ca2afeb3a45ce85ab4fa75d98da58b69df136e575650cac0fa156079008cf201c8a2bdc3f3969a76674de01d2b7fdb3579e1cc512fd9ed9cef5fdf120b15c7cad84c8604f1e6a9c7391d9565f85da11e10d362850af32c93724ee94b95ddcf4f91231c71f2fae6b52bc6c54f9aabf2d0fbec970fec7071ef2d7efff008160a28aed7c1de19f0febf1aadcea5702fc02cf6ab85e01e082473c60f1d2b1a7073972a3bb1388861e9ba93bdbc95ce2a8af6e8fe1d7865102b58bc87fbcd71203fa11576dbc19e1cb460d16916e48e864064ffd089aea581a9d5a3c69711e197c3193fbbfccf068d1e560b1233b1ec8327f4ad5b5f0aebd7a01834aba20f42e9b07e6d8af7c82d6ded976c1045128ed1a051fa54b5ac700bed48e3a9c4b37fc3a76f577ff0023c357e1f78a19803a6051ead711e3f46ae9bc29f0f751d3b5bb5d47526b611c04b08958b316c10bdb1c1e7f0af4ca6991075751f535ac3074e2ee7156cfb155a0e16493d344ff00cd8ea298b2c6c70b2293e80d3ebacf12d60a28a2800af31f14fc3bd46fb5bbbbfd30daf933b07f259cab06c0dddb1c9c9ebdebd3a8acead28d45691d783c6d5c24dce975d0f0d6f87de285247f666e03bacf1fff0015542efc2daed90267d2ae801d59632e3f35cd7d0345733c0c3a367af1e24c427ef422fef5fab3e6874689b6c8ac8c3b30c1fd692be929ed6dee976dc5bc52a9ed22061fad63dcf82fc3976c5a5d26dc13de3cc7ff00a09158cb012e8ceda7c4b49ff129b5e8effe4782d15edd2fc3af0cba154b1788ff007967727f526b84f18f86fc3fa02bc76ba95c35fe14adab00c0027ab30031c64fad63530b3a6b99d8efc2e7387c4cd5382777e5fe5738ca28a2b98f58e17c7b6021d46d6fd3cc2b7516d919dc1fde21da428ea0043175ee4e0f60574de2a11cbe0ed4229a491446f15c44aa461a50db3e6e3a6c924e98e71f4a2bdac2cf9e92f2d0fcff0039c3fb1c64bb4b5fbffe0dcd1874d1a45b41a7183c896de248e78f7efdb3051e673939f9f71e0e3d38a7d58be94cfa85ccc4e4c92b313f524d57af1e6f9a4d9f77421ece9461d9241562c6fae74dbd8af2ce5315c444947001c718efc7426abd1493b6a8d25152567aa67b77843c636bafda436d713226aa14f9916d203e3f897b1e39c76e7b57555f3759de5c69f7915dda4ad14f11ca3af507a57b1f837c676fae5ac167793aaeac01dc9b368931fc4bdba751f5e315ea61b13cfeecf73e3337c9dd06eb51578f55dbfe01d7514515da7cf9e59f161dd752d342bb2830be40623b8af3b249ea49fa9af42f8b3ff213d33feb8bff00e842bcf2bc5c57f1647e8593ff00b8d3f9fe6c504a9ca920fa835ada7f8a75cd2d42da6a73aa0e88e7cc5fc9b22baad1fe1f5aeb7e11b6d420b9962bf95188dc418c90c46318c8e07ad709776b358ddcb6b729b2685ca3ae73822a5c2a534a5b5cd69e230d8b94a968dc5d9a68f45baf1a43af780b508269043aaa460ba202a1c075f994fe23233ebdabce3ed33ffcfc4dff007f0d4ba7db8bbd46ded4cbe509e4588bedceddc719c77eb5dfff00c2a497fe8329ff0080e7ff008aabb55afaa57b68732960f2dbc252b293bad1bfc91e77f699ff00e7e26ffbf868fb4cff00f3f137fdfc356f5ad30e8fac5ce9e6512981b6ef0b8cf00f4fc6a2d36ccea3a9dad9071199e558f7919db938ce2b0b4afcbd4f494e9b87b45b5aff00221fb4cfff003f137fdfc35eddf0f999fc11a7b3b166265e49c9ff005af5caff00c2a497fe8329ff0080e7ff008aaeefc39a41d0741b6d35a6131877fef02edcee72dd327d6bd0c251a909b725d0f97ceb1f85c461d428caeee9ecfb3f23568a2b8ef19f8d20d12da6b1b29c1d5b0a00d991103ce4e78ce3a0f71c62bb6738c23cd23e7b0f87a988a8a9d3576ffabbf224f18f8cedb42b49ed2d2756d58a8d91eddc23cff1376e9c81f4e315e377b7b73a8de4b77772b4b7129cbbb7527a76f6a4bbbb9efaee4baba95a59e53b9ddba9350d78f5ebcaabf23ef72ecba9e0e9d96b27bbfeba051451581e815f5086d6e349d452f23df10b39dd4648fde2c6cc878f470a7d38e78a2b534998dbeb363303831dc46d9fa30a2bd0c1d5518b4cf97cf7073ad5a33876b7e2557fbedf5a6d58be88c1a85cc2460c72b291f424557ae067d3c5dd26828a28a430a9ad6ea7b2ba8ee6da568a78db723a9e41a868a7b0349ab33d9bc17e35835ab786c6fa6c6adf30c6cc0940c9c8c719c751c7435d957cd76f7135adc473c123472c6c191d4e0835ebfe0af1bc5ac430e9fa8cc7fb572c0129813019391818040edc74e2bd3c362b9bdc9ee7c766f93ba57af417bbd576f4f2fcbd0e7fe2cffc84f4cffae2ff00fa10af3caf43f8b3ff00213d33feb8bffe842bcf2b8f15fc691efe4ffee34fe7f9b3d87c2be23d2347f0369e6f6fe18dd15b3106dcf9dedfc239af2bd5f503aaeb1777e57679f2b385f419e07e58aa58a0024800124f000a9a95a538a8f445e172fa787ab3ac9ddc9fddadcd6f0c59b5ff0089f4db741926e158fd14ee3fa035f41579e7c3ef06cb60e359d4a264b8c116f1370501182c47a9048c1e95e875e8e0e9b842efa9f2b9f62e15f10a34ddd455be7d4f06f1b7fc8e5a9ffd751ffa08aa9e1aff0091a34aff00afb8ff00f42156fc6dff002396a7ff005d47fe822aa786bfe468d2bfebee3ffd08579d2fe37cff0053eae9ff00b8aff07e87d094515c3f8dbc711e9114ba769b29fed304067099108e0f718248e3db35ecd4a91a71e691f0386c354c4d454e9ad7f2f37e449e35f1b43a341369fa7cc7fb57e50484c8841c1c9c8c124741cf5e6bc82e2e26bbb992e2e25696691b73bb1c9269b34d2dc4cf34d23492bb1667639249ee6995e356ad2ab2bbd8fbdc065f4f074f963ab7bbfeba79051451589de145145004b6d9fb5438ebbc7f3a2a7d261371acd8c2064c9708b8fab0a2ba68d3724ec7979862a9d19253ea5087521abdb41a899fcf96e2249279366cdd3151e671818f9f70e063d38a7d65f85d613e10d36585cb732c737046d94396dbcf5f91e33c71f37ae6b52b3ad1e5a925e674e02a7b4c2d39792ff8214514564758514514005747e028d65f1b69aacb9019dbf111b11fa815ce5771f0b6cbcff124f74572b6d01c1f466381fa06ad682bd48af338f319a8612a49f67f8e85bf8b3ff213d33feb8bff00e842bcf2bd0fe2cffc84f4cffae2ff00fa10af3cabc57f1a46393ffb8d3f9fe6cf4ff0a781345d5bc3b65a85dadc34d2ab170b26178623d3dabadd37c1da0e937497567a7aace9f764776723dc6e240fc2a0f017fc891a67fb8fff00a1b57475e951a50e48bb6b647c863f198875ea537376bb56be96b8514515d079878378dbfe472d4ffeba8ffd04554f0d7fc8d1a57fd7dc7ffa10ab7e36ff0091cb53ff00aea3ff00411553c35ff234695ff5f71ffe842bc397f1be7fa9fa353ff715fe0fd0fa12bc23c730a41e35d4d10601757fc59158fea4d7bbd78dfc4fb3fb3f8a96e00f96e6056cfa95f94fe816bd0c72bd3bf99f2fc3b3e5c5b8bea9fe68e2e8a28af24fb60a28a2800a28a2802bea135adbe93a8bde49b223673a29c13fbc68d95071eae547a73cf14553f1518e2f076a12cd1c8c2478ade265030b296dff00373d3647274cf38fad15eb60a36a77eecf89e22a8a58b515d12fd5ff009183e01d5767db3489e6c452afda2d90ef6fdf020305c7cab94c962473e528cf183d95794e83ab3687ae5a6a222f35617fde45903cc8c82ae9920eddca58671919c8e457ac3b5b3b97b3b98eead9be68a68ce43a9e41f638ea0f20e4100822b0c753b494fb9e970e6254a94a837aad57a3ff0083f98da28a2b80fa40a28a2800af5af85565e4e897978cb833cfb41f5551fe24d792d7b97c3e8f678234fc8c16f31beb991b1fa62bb304af56fd91e1f10d471c1d975697e6ff00434357f0d691aecb149a95a79ef129543e6bae01ebf748aceff857be16ff00a061ff00c0897ff8aae9e8af4dd28377691f1f0c66221151854924bb3656d3ec2db4bb18acace2f2ade204226e2d8c9cf5249ea6acd1599ab78874ad0d01d42f12266fbb18cb3b7d1473f8d36e315ae88ce31a95a7649ca4fe6d9a74579a8f8ac9fdb5b4d891a5f4ddff002d7fdec671f87ebdabb8d275fd2f5c8cbe9f789315fbc9cab2fd54f3510af4e6ed1674e232fc4e1e2a552165fd6fd8a57de0bf0fea57b2de5dd87993ca72efe7c8327e81b14db6f037872ceea2b9834ed9344e1d1bcf90e08390705b15d0d14fd942f7e55f719ac66254797da4addaec2bcf3e2bd8f99a6585f2af314a6363ecc33fcd6bd0eb97f887187f045f315c9431b2fb7ef147f226a7111e6a5246d95d474f194daef6fbf4fd4f0fa28a2bc33f450a28a2800a28a8e7bcb4b084dd5f3badac783218d773119e8a3d4f419c0c9e481cd349b7644ce71845ce5b2d4e27c7b7e26d46d6c13cc0b6b16e915d00fde39dc4a9ea4141175ee0e0772560eb3abdcebbab4fa8dd88d659768d912ed545550aaa07a055039249c7249c9a2bdea70e4828f63f34c55675eb4aabeaca15e81e0cd66d24d1c6973c812f6198fd9c6d3fbd8d81661c2e06d2a4e58e4f9800fbb5e7f56b4dd4aeb49be5bcb290473a2ba8628afc32956e1811d18d2ab4d54838b34c162a585af1ab1f9f9aea7aed151db5edb6a96516a56513456d393b63775768d87de424771db2012a55b0370a92bc3945c5b8b3f46a5563560aa41e8c28a28a92c393c0193dabe8ad1ac869da2595985da6181108f7c73fae6bc27c3965fda3e24d3ad4aee579d4b0ff00641c9fd01af7bbfd42d34bb37bbbd9d61813ef3b7f9e6bd1c0ab294d9f2dc4751ca54e8c757abfd17ea59aa3a9eb1a7e8d6df68d42e9208f3819c927e80727f015c0f893e270c35b68039e3fd31d7a7fba8c3f0e47e15e7ba86a377aade35ddf4ed3cedd59bfa01c0fc2b4ab8c8c7486aff0393059055ab69d7f763dbaff00c0feb43baf117c4db99666b7d080861047fa4ba82edf4523007d727e95c0dd5d4f7b7525cdd4af34f21cb3b9c9350d15e754ab3a8ef267d561705430b1b528dbcfabf9854d69777161771dd5a4cf0cf19caba1c1150d1509d8ea6935667a2f873e26cf1cab6fae812c449ff4a45c32fd540c11f4fd6bd1b4cd5ac358b5173a7dca4f1138c8c820fb83c8fc6be74ab5a76a579a4ddadd585c3c132f1b97073f50783f8d75d2c64a3a4b55f89e0e3721a35af2a3eecbf0ff0081f2fb8fa3ab37c4365fda3e1ed42d36ee3240c147fb58c8fd40ae1fc39f1390aadb6bc0ab0cff00a5a2e41ff795471e9c0fc2bd0ac6fad753b34bab39926824fbaebd0d7a10ab0ab1b267cbd7c2623035139c767a3e9f7ff4cf9bc74a2afeb965fd9daedf5a630229dc28ff00673c7e98aa15e23567667e8909a9c5496cc28a28a4505729e34d7122b33a3db10669706ecb47f7546d645527b93f3120740a01e58574d7b749a669575a94c81a2b75c052461e46076263729209e4853bb68623a5792dededcea37925dde4cd34f211b9dbd86001e800000038000038aefc151bbf68cf9bcff1fc90fab41eaf7f4edf3fcbd4af451457a67c7851451401bfe14d71b4ad452de79962d3aea54fb531407680182be7696c2ef2c42fdec63d31e8d1c914d124b0cb1cb148a1d1e36c8208fd0fa83c839040208af1aaea3c2fe2896c67b7d3f50b9c69637282d19736e58e770c7cdb770e4720067214b1ae4c4e1fda2e68ee7b993e6bf5597b2abf03fc1ff9773bfa29b1c91cd0c5345224914a81d1d181041febd88ea0820e08229d5e4b4d3b33ede32524a51774cb9a5ea771a3ea515fda6cf3e20db0b8c81952b9c7e34ed5359d475ab813ea37724ee060670157e8a3007e02a8d14f99db96fa13eca0e7ed2cb9b6bf5b051451525851451400514514005145140055fd2f5ad4b4598cba75dc90337de03055beaa720fe55428a69b4ee899c2338f2c95d17355d4a7d635296fee4209a5dbbf60c0242819c7be3354e8a286db77638c5462a31d905233c71c6f2cd3470c31a9779246c2a81fccf600724e000490287648a196696448e1890c9248ed80aa3faf603a924019240ae13c55e2a92f66b9d334cbace90762b32c650dc9539dcd9f9b6ee3c0e010a84a8615bd0a0eabf23cdccf32860e165acdecbf57e5f999be25d70eb7a89685a65b18be5b78a5232bc0dcc40e0162327ae060648506b1a8a2bd98c545591f0352a4aa4dce6eed8514514c80a28a2800a28a28037f43f15de694d0c370f3dde9d18602d0ca142e4311b18ab6c1b9b71007cddfd47a2595cdb6a96725ee9d29b8b68d95646dbb5a3661901d7b1ea33c8255b04e2bc72ad69ba8dd6937d1ded9ba24f1860acf1ac806e52a7e56041e09ed5cd5f0d1abaeccf572fcdab611f2bd61dbfcbfab1ebb45731a378d34e92c120d50dc437a80e6e701e397963caa8053036a8c06c9e4edaea5519ecedef106eb6b940f0cabcab8f63ea0e411d41041c1045797528ce9bf791f6584cc30f8a57a72d7b3dfee1b451456476851451400514514005145140051453da275b1b9bd75db6b6c85e699b8441ee4f1927000ea4900649029a4dbb226738c17349d90ca86eefac34d8d66d4aed2de36190a3e691c61b1b5339392857770b9c02c2b9cd77c6565159ac1a34b24b76cc0c970d1e2345c03840dcb1272096000c1c06c82388bdbcb8d42f25bbba90c93cadb99b007e000e001d001c01c0aeea3836f5a9a23e771f9fc217861b57dfa7cbbfe5ea696b9e24bcd698c4c7c9b2590c915b2e08538c02cd8058e33c9e996c0009158d4515e9462a2ac8f92a9527564e73776c28a28a64051451400514514005145140051451400568e93af6a9a1bc874ebc9215971e6c5c347260103723655b1b8e320e09c8c1a28a1ab8d369dd1d2695e3ed9e541abd8a4b10e1ee6d8959b97cee2a4ec6c2e4050133c65bae779bc51e1e36eb347aa11bb3fb996de459579c7cd80cbefc31e0faf14515cf3c2d29f4b7a1ea61f3ac651d39b9979ebff0007f13474d9a0d5c4234eb882e659f77970472a999b6e73fbacefe809e9d39e956e5b1bb809135acf191d43c647f3a28af3ebd08d37a1f4d9766357131bcd2f97fc390ec6fee9fcaa68ac2f2e0810da4f213d92327f951456118a6cf4ead4708dd15352961d1c4e351b882da5836f996f24aa265dd8c7eeb3bcf041e9d39e9cd67af8a3c3a2d9a797553f2e3f7115bc8d2b738f977054f7e58703d78a28af469e0e9b57773e57159f62a32708a4be5ff04c1d57c7c1bcd8347b048a23c25d5c92f370f9dc141d8b95c02a43e39f98f18e5f55d62ff5bbc175a84fe6ca1046b84545451d02aa80146493c0e4927a9268a2bae14e10f8558f0ebe2abd77fbd937fd7628d145156738514514005145140051451401ffd9, '2016-10-03 12:02:29', 0),
(3, 'PSDB', 'PSDB', 'PSDB', 55, 0xffd8ffe000104a46494600010200000100010000ffdb004300080606070605080707070909080a0c140d0c0b0b0c1912130f141d1a1f1e1d1a1c1c20242e2720222c231c1c2837292c30313434341f27393d38323c2e333432ffdb0043010909090c0b0c180d0d1832211c213232323232323232323232323232323232323232323232323232323232323232323232323232323232323232323232323232ffc0001108009400c803012200021101031101ffc4001f0000010501010101010100000000000000000102030405060708090a0bffc400b5100002010303020403050504040000017d01020300041105122131410613516107227114328191a1082342b1c11552d1f02433627282090a161718191a25262728292a3435363738393a434445464748494a535455565758595a636465666768696a737475767778797a838485868788898a92939495969798999aa2a3a4a5a6a7a8a9aab2b3b4b5b6b7b8b9bac2c3c4c5c6c7c8c9cad2d3d4d5d6d7d8d9dae1e2e3e4e5e6e7e8e9eaf1f2f3f4f5f6f7f8f9faffc4001f0100030101010101010101010000000000000102030405060708090a0bffc400b51100020102040403040705040400010277000102031104052131061241510761711322328108144291a1b1c109233352f0156272d10a162434e125f11718191a262728292a35363738393a434445464748494a535455565758595a636465666768696a737475767778797a82838485868788898a92939495969798999aa2a3a4a5a6a7a8a9aab2b3b4b5b6b7b8b9bac2c3c4c5c6c7c8c9cad2d3d4d5d6d7d8d9dae2e3e4e5e6e7e8e9eaf2f3f4f5f6f7f8f9faffda000c03010002110311003f00f4ff0010eb7aa59eabe559cc8b1a322b45e4862c0edc9dc7eee0127a1ce31c75ac28fc6daf4fa7bdcc3a6df893623450ce2de369370ce0fcc76e3be7047606bb3f14dcdada68379717ba8df69f6d1c24cb736485a48d372ee200563d38c8195049c8c64537f11e91f66b4d49f5bbd8ed756ba8acec55ad8a812b1f942831eec3ed2773e460e41008abe7ee8cf95bea677f6fea7ff3f5ff0090d7fc28fedfd4ff00e7ebff0021aff8568ea3ae681a9dbea3a7dc6ad75a7fd945bc9772ee96cda15906f4cc8c176860a54e08209238635a73f8874ab686ea59af1105a094dc2953ba211a8672cb8c8014a9ce3043a119dcb97cf1fe517b397f318fa2eb7a85d6b296d3b8781978621473827b0ed81f9d757552db55d3ef268e2b5bc8277920172a2270f9898e15f23f849ce0f7c1c6706add4c9a7b22e29a5ab0a28a2a4a0a28a2800a28a2800a28a2800a28a2800a28a2802aea52dc43a7caf6aa5a6000501771e481d2b8dbdd57c656cbfe8b6325f1e7911887baf62a7b17e73d4018e723b17d4ad23d4534f794adcba6f552870473c06c6377cac76e7242b1c601ae7b5ad2d3588983ea3e27d312082dee4b5848ca58289be401433339cfcea01271177ab8cf955ac44a0e5adcc8975cf1cade793168723c5961e797555e8c50e36138e14371905b80e0135abf6ef10ff72e3ff01c7ff134f4f0e2e9fae5e6a5ff000917899df510d125bb4ad3416cd21c8644f2caa6ddbc16c819c1eb56b478bca822d3e0bed5e4f21e547baba963919cc72a920b1ceedc18ae5470bb958aba802bda2ec88749ff0033297dbbc43fdcb8ff00c071ff00c4d5ed0eff005496fa4b7d490a828cf1ee4da48040cf41fdee7af6e6ba0acf9bfe461b3ffaf49fff00438694a69ab58a8d369dee6851451599a10ccb3b6ef227446f2d82878f700c7a311904818e808ce7ad52b8b8b8b14696f754d3a0899c6c69612802866770499393e50033c60ab39041da24d52ca2bf84413699697d1b150e975829b7cc42782a72401b80c7250723a886c6396eb4648752d16dedfed7e60b9b34759a350e58b6f3801b767e6c03f339ea32d40910c9abc52dc43716dafe8eb612b43022b2876799cab855904a012f130dabb739656cb0f94df8755d3ae3519b4e8750b592fa150f2db24ca648d48041650720104727d4550692ef50b2d3a5bcf0e2195ae4892dee2689dad10875f33232a49538214f4908c919ced6d52c1b68dc0100e3900fff00a8503168a28a0028a28a0028a2b3f41bf9355f0f699a8cc91c72ddda453ba46fb954ba062011d473d6803428a28a002b98f136a9a8d95dc31d95ca42a23dec86dfcc3212718ce70bd3ae0f5ae9ea9ea57f69a5dacb7f7b2491dbdbc524b23aa332aa2a96624283d029fe439aa8cb95ded7134dab238993c57ada4b322dbdd48b1fdd75583127ca5be5cb03d405e40e5876c90eb4f13eb9387170925b105b19f29830dec074ee555588c71bc0c920e35752f16e8915fea5a3bebf776b7d6ecad2b456bb8db0f24cdb4318990ee8e291b9dc7ef0183803662d4ec2f74a83548f500962615bdf398f96a61652c19b70185c73ce0f1cf7abe78ff2997b39ff00318ba36b5a95ceb696d3b2bdbb21f9c800eec138000f6ebef5d6564e877165a9c326b5a76a53de596a1b5e20cd98d368d87602015048c907be6b5aa24d37a2b1a4534b57722b9b84b5b7699c3155c642f5e4e2b28ead3916fb03f2a37eeb6cf98772f2b8718046f1df9607f8486d3bcb6179692405ca6f1f780e8739ac5ff84665ff00a087fe41ff00ebd2436574d6f503a9dbcd23c515a1b702e6d3caf3192619cf97265720eec12cbfc03006e3859f529e69ada45d52e60549c3cd1c36b1ed96305c841b8b15272819b27210ed085b227ff84665ff00a087fe41ff00ebd1ff0008ccbff410ff00c83ffd7a2de6177d8aeba94f1dc8906a5793422d520113c5129326ef9e7660bcbedc614055c83c7236c9a2de9bed5d47da5ae45ac32c3e748e8647cf9392e115555b706c81ec7be049ff0008ccbff410ff00c83ffd7abba668ff00d9f3bccf706562bb47c9b4019c9ee7d05160b9a94514521947534b76b39cdc0bcf2d503b7d95a50f853bbe5f2cee278e42f2c38c1e9546cef74b9e18ad63beba9ee34c9228a58fcc90dc239cc6a6645f98ab64b6586d23e7e8030b575a9082e591779dbb432ec0c3b1c8f981e87193c671f439b0de5f5b9b07bdbdba75b788c77016cd2317321551b9b24ede43b6d5c7de03a2f201736c56c5a4b7b4d56e36cb3dc63cf7e651f2f96048e3e56dcdb47faa1b7395f949d482469ade295e19207740cd14854b2123ee9da48c8e9c123d09ac8b7d6e086229249753b6f66df2220382c485f97030010077c019c9c9a97fe120b4ff009e737fdf23fc68035a8accb4d7acef6f0da45e679a3ef02071c64679f6ad3a002a382786eade2b8b79639a09503c7246c195d48c8208e08239cd49597e1addff0008ae91bfccdff62877799b776760ebb78cfd38f4a00d4acbf0d5a4fa7f85748b2b94d9716f650c52aed55daca801185254723a0247a56a573be25f12ff0060727c90a232ff00bc3cb9e70aa3239e0fd69a8b6ec84e496ace8a8ae23fe137ba17df6436d890f46fb2ca633c13f7c7ca3a11c91ce3d4669cff0011ee21bafb3ae99773385725a3d3e6d99538c6e38193c91ce0e3af2b9bf652ec47b58773d0eb3e1bd9350b28e6b6dd672c81c2c57b6e438232325370380707af23a1e41ac3b0f155cdd5fdac2f6ebe5cc705846cbb79039c9e0f39c639c1ae8b50457b4937588bd5f2dc341f2e641b4e5406c292df770481cf26a65171dca52525a0cbb92e2dad2e6e24beb3b78a30d279b3447645184eae778e8df3139036f1c7dea86df504d4ee273a5eada74f14244722463cd68df0d90c55f8eb19c633856ebb815ad708d0d9dceb563e184935990796d04ad0c534abb82e1a505863680c064f000e0f02fdb21865bad9a7c7028982a3215fdf2b61d9ce3a7cef270792413fc55250f55bf1aa333496eda798be540856549323a9c90c08cf65c63f8b3f2daa28a0028a2b1af3c4b63625fcf595551994bfcb8f97a9ebc0e3bd3516f613925b9b3457356fe3ad12eed85cdbcc65b72e104a8c850b12000183609c903ebc549178cf4a9e692188c8f2c58f3106ddc99240c8dd919c1c7ae0d57b397627da43b9d0d1589ff094d8ff00cf2b8ffbe57fc6ade93acdaeb3034d6a250a31c48854e0f438fc0d27092dd0d4e32d99a145145494665de876f7974f7124d70acf8c846007031e9ed507fc23369ff3f175ff007d8ff0ad79a558209257ced452c71e8066b02f3c6da3e9ee16f2530650499919146d2188e7763a239c75014e6a926f6224e2b70ff847d3fb47c9db75f65f2b7fda3cf5fbf9c6cdb8cf4e73563fe119b4ff009f8baffbec7f85558bc69a5dd4eeb6d23cc61631ce88c87637a1009208c74e3a9a9dbc5760885dd27555192485000fceab927d89e78772d5a6876f67749711cd70cc99c076047231e9ef5a75059ddc77d6897310608f9c6eebc1c7f4a9ea1efa9a2b5b40acbf0d44d078574885a3f29a3b2854a79462da42018d8795c7f74f23a56a51486159723d96a96915d4125b6e951bc879e10c1b838ca9c3103ae011d3ad6a553d4a192e6d25816cad2ee3922915a2ba7da8f952029f91be539c1e3804f07a5016bee509f51f0b5b5e4d677179a3c5750296961925895e31b0be5949c81b016e7b027a54765a519f4fb09a2beb1ba066370f70b67194b881f71545da70000c98704e760273935a5a85bb5c2a62c6cee8c659905cbe36b1475c8f91b19ddb49feebb75c619de66a1f6a0bf65b5fb3e3993ed2dbf3bb1f77663eef3d7af1d3e6a7ccc5cabb0b0da5836d960b7b6386e1d117820fa8ee08aabaa5e08dcc0d1b30f2cb12b70623820838c739fa739c11c8ad28e348936468a8b9270a30324e4feb55aeb4cb3bd9449710ef703683b88e3f03ef45efb85acb4399d2a6b8d3e1996e351d4b52566465fb5dcc41a3298fba638d09078c8390707d5b362db557b7d42f6e8bdd4c974c8c2de5994c701550a7cbc20203601209233c8c64e75ffb034cff009f6ffc88dfe347f60699ff003edff911bfc69da3dffafbc57976fc7fe011596b86f2f56dfeca5030cefdf91d09c631edfad6bd51b7d1ec2d6759a1836c8b9c1dec7b63b9abd49dba0d5fa85625c787aca4bd96f069d6b2dc3ba8f31a4646d8586fcb0cf419207009c0e3a8dbacb9edf5379e468859052ca4366457214e54123f974393d8d38dfa3b0a56eaae6749a6b0827963f0f2b796ec16137c4492aa95195fe1cb0f30a8661d10315dcdb1f79a0ca63b63636562aff6a1f6813cf2906df272548c7ce46d3823009239c64caba7eaaae1c3c1918eb75391c6cedbb1fc0bf9b7f79b2c8f49d4e29de659232cf8c86bdb965e1594614b6070c7381c9c13ca822af2fe6fc48b47f97f0236f0edc2c9232a69ee9e62f96856553b3cccb12dbcf3e59da063965dd901b6adad1ed8d9dfcf6eca8aff0064b7790479dbe613206232490381c64d17965a9ea167716975169d24171198a55cc83729041191cf7353e95a6bd8962c96d128862b78a1b652b1c71c7bb6800f4fbc463d00a526edab2a2a37d11a7451454163648d6589e37194752ac3d41ae6a7f0ca7f6899a3d274c9638eddde39249e4491ae32420ce0ec4dacc0b7cc7e7385c03bba7ae7efec74d8e58ef644d520710cf1325a2ccc4c6c199d71186da4b00c1936b965401bf84b4dad989a4f74544f066971c2235f0e693881bccb6512b2aab2b4850e361da4657919c177c741bb4a5d0ad808bc9b085c9900977dcbaed4e725700ee3d3838fad161a6da7d967d35b49b986d6297723dd4cb2f9cde6349e62b6f67c87f9c16c302411c8e2b58e8763a56a31cfa7e9935989e72244b78a0489111640bb947f0b33960572f971b8850543e797717247b1bb6f6f15ac0b0c2bb635ce0649ef9ef52d14549414514500154d2ddb16ab76cd3cb10e2655d9f36cda4900f7cb1f41f5c66e561eb169793de2bc16ab347e5804970b8393ee0f7a1098cbdb9d2ee34eb8d527d36fef6256589ede4b299dba942c9038f491b2cab965cfdec01492f877428b4db4d286907ecb0dc41e5794ac1a392245f2e42e0eef956345dd9ce060f19aa8da76a2c9b46991a9fef09b9fd5aa2fec9d53fe7cff00f22aff008d3b05d1bf6da169767abdd6ab6f650c77f76009ee02fcee02a2819ea14045f9471d4e3249ad1ae4ad348d4a3d4e09de0658d59772f9a85400739c75cd75b4ac09dc28ac0f14aea0f05ba584b7d1f2cce6cc2ee3d300920f1c9fcab01dfc4a11b64576ec22caee9245dd27a1f94e17df93ed5aaa69abf32225369dac77d45705687c49f6383ed9f6cfb5796be7793e66cdf8f9b6e79c6738cd5bb3fedafed2b52e6f7c9f307981d5c82323bf403ad0e9ab6e84aabbfc2ceca8a28ac8d428a2b9cf11cda8a5dc29676f7f2a951f35b1015324e4b7209edc0cf7aa8c799d8994b955ce8e8af3f47f14963e65bdc28f38ae56e253fbac70df707cd9c7cbd07f78f4ab38d6ff00ea23ff008fd5fb17dd19fb65d99dbd15ca68a7595d6505cfda7ecacb83e6863ce0e739e07f0e3f1a2a251e576348cb995ceaeb02ee3d45ef209ac3c4d0431ba340b6f736c92a4b282c770dac8d9c2b02a0e30bdb04d6fd40cd76b0a6d8e1925dca1b32145dbb80247079db9207a803233b848ce7c6b315d69f0cb61e2fd19cade3bbceca9223c25b2220164186512c2bbb3cfca48f9aba086ee096796d92e6196e6dc2f9f1c6c374658646e5c92b91c8cd49fbcf318610478183d4e7273c7d318fc6a2b1fb68b341a81b73740b0736e08423270403c8c8c6464e0e464f5a061e4dc7f68f9df6aff45f2b67d9fcb1f7f39dfbbaf4e315628a2800a28ae42f7c7b6b60504f6c177216ff005dd3e65500f1d497502aa3172d899494773afa2b88b7f899a65d35a2c519df78f22408e5d19d9376f1b59011b763673d38f519d3ff0084b3fe9cbff22fff005aa9529be84bad05bb3a4a2b1b48d7ff00b56f25b7fb2343e5ae7716ce7a74e3dfad6cd438b8bb32e325257442d75125ec568c5bce96379506c382aa543738c0e5d7827279c74389ab0eeb6ffc275a4e7cbdff00d997b8ceedd8f36d738ed8e99cf3d31deb7290cacf22caccad69249e54caa0b28c6700ef193c819ea39c8358f7bafe9d6ed6b3cd6bae976b612c69069f76e36b1076b8452a1f28387f98648e031ce8ea73cf13dba5ba3b333ee3b1c2e402383953c1cfb7d6b2e3bfd4219a39a4fb448896fe5b42f2c78760799481186ddf2907042ffb3d28b05caf2ea7a7c51b5bdd78675965d565f2ef51eccdc2a1f2e35fde952c0a942a32a58655b3c86ae9ad9e2780086368e34668c2b4463c6d2578040e38e0f4230464106b96fed3bdfec7fb17db6f3ed1ff003ffbe1f3bef67a793e5f4f97ee74f7e6addb6b533ea5046c25612044dacc0a820905b2107cc770c8271f28c01ce40372cae8de59a5c35b4f6c5b398a7501d7048e402476ec6ac514500158f717305fe9d693cfa5dfb2bdc45884c7b648984cbb5d867850caac7af0338c66b62a8dece5644457b842ac8cc62d9820b7dd3bbb1c1071ce0f51d68693dc0ce4d5622b0ea77ba56b966d2040b11479483fbd1868a067038c9248c1dd1f259405884da3d8c42e5344bd37104b77242ab6123cbb998c92146c1da2427232c03671d4102c5dddb35bff00c7d6a56d93261d238723ef2e30ca47ca5d48e3aa2e7237067c5aedb468558dcc84b31dcea99009240e31c0ce077c0e493cd005f8aee23762ca38275db1799b8c0cb1a8ced0bb88033c1e07200c9c0232556b4d76d2f6f0dac493090752c9851c67afd3d3da8a00bd732186d6694632885867a702b84d7ec347f153da3eb3696b3bda6e36ee259a331162a49051810728bcff002e6bbf650ca55802a46083deb3d9745462ac2c1594e08210106a924c9936b639f97500f6cd6e48d8f2f9ecc9712ab97ddbfef870d8078db9c606d036e054efe24ba8ad9bca8a091d10ec42c72c40e0649efea6b63fe249ff0050ff00fc728ff8927fd43fff001ca7cabcc9e67dd1634fb96bbb18e77dbb9b39dbd382455aa8adfc8f217ecde5f93cedf2f1b7af6c7bd4b50cd10563dcd879914a74c4d31e404a62784308df2a3276e33b46e3b382c481b93ad6c5616b53eaf65736b3e8fe1db4d4a591da296592f16dda15214eec9424a92a0301cfcabc3763513b7526dba5dae9f35ddecba50852575371e5ac71a7ce542b12c46e070a791960781d0548ade1b8d7ae6de09b4d952d678da7b58cc665863685b01c6c24066dac1783c16de41f2c496568b16916d2bf862d2dde2b7f34595b9899a290ec90c69c2a67cc5fbdb80ca21eff002e85c4d35a25c4f0e98f70ecd9096ee81e401472779519e081c9e8391d9f330e55d8b115a5b40c5a1b78a3623194400e3f0a9aab585c4f7564935cd94b652b13982574674192064a12b92307827ad59a43b58c5ba27fe136d2c6e6c1d3af091e6000fef2dbf87a9faf6e47f10adaac5ba07fe136d2ced6c0d3af013e58207ef2dbf8ba8fa77e4ff08adaa00a77fa743a8aa095a4528490c8d83cd52ff846ad3fe7e2ebfefb1fe15b345529344b8a7b98dff08d5a7fcfc5d7fdf63fc29f0f87ed609e39566b82518300ce3191f855e7beb38dca3dd40ac0e0832004527f68d8ff00cfe5bffdfd5ff1a779315a08b34556fed1b1ff009fcb7ffbfabfe347f68d8ffcfe5bff00dfd5ff001a9e565732ee59acfbed220d4275965966560bb708c00ea4fa7bd598ef6d657091dcc2ee7a2ac809353d1aa0d1a31bfe11ab4ff9f8baff00bec7f851ff0008d5a7fcfc5d7fdf63fc2b668a7cf217244ccb4d0edecee52749a7665ce03b023918f4a2b4e8a4db7b8d24b60ae2750d315fc40b6e0dba5dddbcad19485cb32ae198bb2a10a0065196239200e715db5529dee7edc91437b691ee8d984324459ce1932c30e3e5009078eaea73c619c6728bf75d8528c65a33ceed67b1b8d3eef5a5d5c2e9902287967b79628725880519a205d89f970a5b9006013cec8d1e43aa369a2eadfed8b08b831fcfc4658a839db8ea0f19cd7617177059ec6baba820472c17cc60bb8852fc127b2ab13ec09e0034db6ba1e77d8ae2ead9efd22591e388ed62a78dfb092554b060393d3ad57b69f723d8c3b15b42d365d2b4f36d2b876df90c18b64600e491d78ad3a28a86eeeecd124959055193c8804f72e9780405988432397e0312a8a496e980307b8039c1bd5595cb48765dc6c8acc1860139c8e33edc8e9dc7a7280c980a417165602c75b886e9552792769942c6e87323191890f81b777cdb770f97241dfaa525cfd9ee26fb45f5a247ba3088cbb59779d8a1896e4b3f0bc0cfdde4f3517f6841752db1b4d5ac8c3776eef6eaa55da520ae248db761946ee460e772f23b832dde1ba16921b1485ae71f209d8aa673d49009e0738efd323a89ea0b2656b18196ebed68c8196e32a7cd0470df280a7239e001e953d0051974e12ebb69a9ef506deda7b70bb4e4f98d136739c0ff0055d307391c8c1cdea28a0028a28a00e435cf0f477524a65bfbd89448f3afd9ad19cab324832080724027f1dbdc8070354f8776924d7d1dd7883c40cd71e5c8be4c123a41b58c8be5ed52a0fee71ddbee8fbd20ddd96a977a866e21b3fb540e54a2ca2cc4c10ed6c32fcc01392879c8f948c7390e9755bb2d379569728a630220f6458a3fcd9663bc6e5e538183c1e791b75bcda31b5339693c1b15ad9e9d76faf6b6e2225d0ada3c8f22ec2db258d5493f2ae3e650d9e01dcdcebaf87a278e07177362720266cdc1195ddf303ca703f8b183c75e2b51756b911db87b3bb2eb8f3c8b3203fca73b46ff0097e6c1e4b7008ef91526bcd4a78150c9a840e146e92dac1412c43063872e31f32951d8a0c9704a97cd504e3498dd234486db575b8fb41fb5470ab490ba80c8ac180070c4750dc8c83b7a9c574b585a5cd7a2f825c4fa8cd115dabf68b444fe0419665032728e78007ef08c600c6ed673726fde34828a5ee851451525851451400567ddc11c97b031d3e5918b63ed50baa346061f0c772b6d6645054641e8c36e6b42b99d548b9bb91bed1770a88a485e3b7bef2c38deb938c655f0840652080ed839c1008d2bed36dde6f3d345b2ba9965175be5550c65542aaea4a9f9c6d45c9c614f5e30564d03479f51377368b60f722449c5cbdba1732af0ad9c677280307b76ac78ef4dae9cb691cb7be6243e42dcb5d8964c850bbfe652acdf283920827271c9ccb36b51986e375b5c30915b704ba7070401f2e31b4e00c6318393d492419d05a4b34d6a925c5b9b798e77445c3ede7d4706a6aa1a3dd7daf4f4629226cc26247dec700753dcd5fa002b9bbfbbd2f50953ed56361788a5954dc44c4aa3808f80633d50b8238c8001e1891d2573e34ad5a30238ae2dbcb562c99041e98cf4eb8a695c4dd86dd8f0c5eea106a173a7d95c5ec2cad1dc4d65ba48f0720ab1424107915168977a6d944e1b4cd374e380aab60aec0a8666c1fdd2630cee71cf2cc7a934f9b45d52770f2cd6acd803393938f5e39a8ffe11fd43fe7a5aff00df4dfe14f97cc5cde46d69d75a7b471d9d8058e38630a9124451510600006000070302af562689a2cba6dc4d2c8601e60391167e6248c924fd07f915b749ab0d3b851451486145145001451450014514500145145001451450014514500159f2689a74b2bc8f6f97762cc77b724fe34514d36b61349ee37fb034cff9f6ff00c88dfe347f60699ff3edff00911bfc68a29f3cbb8b923d8b76b670594463b78f6213b88c93cfe3f4a9e8a2a77292b051451400514514005145140051451400514514005145140051451400514514005145140051451401ffd9, '2016-10-03 13:08:08', 0),
(12, 'Ceu', 'CEU', 'ceu', 85, 0xffd8ffe000104a46494600010200000100010000ffdb004300080606070605080707070909080a0c140d0c0b0b0c1912130f141d1a1f1e1d1a1c1c20242e2720222c231c1c2837292c30313434341f27393d38323c2e333432ffdb0043010909090c0b0c180d0d1832211c213232323232323232323232323232323232323232323232323232323232323232323232323232323232323232323232323232ffc0001108008800c803012200021101031101ffc4001f0000010501010101010100000000000000000102030405060708090a0bffc400b5100002010303020403050504040000017d01020300041105122131410613516107227114328191a1082342b1c11552d1f02433627282090a161718191a25262728292a3435363738393a434445464748494a535455565758595a636465666768696a737475767778797a838485868788898a92939495969798999aa2a3a4a5a6a7a8a9aab2b3b4b5b6b7b8b9bac2c3c4c5c6c7c8c9cad2d3d4d5d6d7d8d9dae1e2e3e4e5e6e7e8e9eaf1f2f3f4f5f6f7f8f9faffc4001f0100030101010101010101010000000000000102030405060708090a0bffc400b51100020102040403040705040400010277000102031104052131061241510761711322328108144291a1b1c109233352f0156272d10a162434e125f11718191a262728292a35363738393a434445464748494a535455565758595a636465666768696a737475767778797a82838485868788898a92939495969798999aa2a3a4a5a6a7a8a9aab2b3b4b5b6b7b8b9bac2c3c4c5c6c7c8c9cad2d3d4d5d6d7d8d9dae2e3e4e5e6e7e8e9eaf2f3f4f5f6f7f8f9faffda000c03010002110311003f00f73d52ee4b1d327b98911e545f916462ab927032403c735cb2f8c2fd62dd3436bb8384fdc2bcaa4920020f071c8c9c0039cf0335d8cd1c7342f1ca14a11cee008faf3c566c7fd8924e9046fa63c8582ec010b1ca6f0303b95f9ba74eddeae328a5671b912526f47639cd3fc717ba85a453fd84db19137f95736ee8e9ce30df3601e3a66adffc2537dff3cadffef96ff1ab33db43711092db53d1a25b7ba6370cb688ca635690346d97f9580032dd9a362460951a0b1e8d0068e77d3cc88caafb9635c33b95418ed96f954752463934f9a1fcbf893cb3fe6fc0c393c57a8246596de1908fe155393f9b015d65b4bf68b5866dbb7cc40f8ce71919acdbc9fc3ba7b5b2decba5db1ba6db6e2668d3ce3c7099fbc791d3d456b2aaa285550aaa3000180054c9c5ecac545496eee2d145152585145140051451400514514005145140051451401575296e21d3e57b552d3000280bb8f240e95c89d4fc5a923c7f659a6fde612416e1176ed5249182472580c03d0740735db93804fa7a560ea1f64d42de0b33a96a9644cf14be55b868e69514c795fba5fcbcc91ef65c6dc90cc06e15719a8ab588941cba9ca2f887e2035e4519f0d4ab01282598cc9f2e4a862aa13e60031233b4908780700ee7dbbc43fdcb8ffc071ffc4d5ad134b8d4d9bff68788261a6ab451b5fcaebf69f312321e45c0f30a8ca8dc3e562f919008bb159886e21b05d47552e8ed76ecea596505cfeeda42980012308a54e14672339a5517625d27dd936893df5c69fbb508ca4e18820ae32300fa0cf523381d2b468a2b36eecd12b2b05145148635f788dbcb0a5f076863804fb9ac7bbd32196f5a64f0f69f35d1314f25ccfb143488afe5e182b316460a3240dab2654920ad6c9e878cfb573f717d6cb75142fa66b4862963b65f2124118deab229f91b695050216e429dc090acc480694fa75bbdd417dfd9b6525f452129348a03c618047657da4e4a003b67001207351c3a6dbdcea09a95ee9b6a750b72e905d35ba79a89b9c00ad96201523b8cee390b92a30eeadb43bcb43abde695adcc2caea3b889244b9793cc750c1d22c924289ca9017e5da57184006a58f85f43b64325b586c32deff6916767de272bb77fcc72a76f04703048c726802d6a1e1fd17579a39b52d22c2f658fee3dcdb248c9f42c0e3a0aba82613485e48cc471e5aaa10cbeb93939fc863dea4a2800a28a6c9224313cb21c22296638e805003a8ac0d43c63a4e950453dfca2da29485479648d4124640fbdd71dbad323f1ae8f34c218e46794c625d8ac85b61e8d8ddd0fad5fb397623da47b9d151589ff00094d8ffcf2b8ff00be57fc6ae699abdb6aa2536e1f119c316c75c91d89f4349c2495da05522dd932fd1451525851451400514514014e6b1325e8bafb65d46163da2257023079f9c8c724063c1e3a1209504531e23d22df503a75debfa57db9a48d12dbcf44972eabb54a9624b31248e06410307193b073838ebdb3581a8417eb72268fc3da5df07587cc7370125de8c4a70d1e0aa39dc1b76402c554b001801ff65d5aeb4e8e0b7f1143b96d1637bb8ed11a569f00f9bf78a0520e4a6dfe2e187152e8625b4d36517daf8d5a546df2dcb245188c15560b840001b486e7270d9ce314f78af67b28269f4bd35efe2691d236b82c91b15700ac862ce581009da301dbef630d1dde951b4577731687a4cda85cca8651310a2611b8f2d9e4f2d89650030054e08c03c6ea00d8a28a2800a28a2801b20dd1b28664c82372f51ee2b26db5cb29758934f1a946d2c50090c0d1149176852eeec78c626878c0c1cf2790bab34c90446491b6a8ea704fb76ae7e7d6afe2beb616f269b7368cea2e0c9e6c3244b8c12802b8724e48076e318c9cee001a766f14c43c5ac35d2bcbe7280d11051909541b57eee0ee07ef1c7de238aa91788b49b3b3905ceaa5fec65229ee2e13612c656843310aabcbc6e09000182781cd3350d7278edb3a6fd8ae2e0c98c5cc9242aa9eb95472587031c03d723a5687f6cd87fcf7ff00c71bfc2802c417705ce0c0fe62346b2ac8a094756ce0ab7dd6e9d8f420f719720984d217923311c796aa8432fae4e4e7f218f7aa6dae69a832f7214640c9561c93803a7ad5e47592357439560083ea0d005592fd63d66db4e263df3dbcd38cb36ec46d1a9c0db8c7ef0672c0f4c039255bad3b47a0ea2ea70cb6b2107df69a8352b0d4e7d4ecaf34ed4e3b5585248e682781a58e6572873859130ebb080c7380edc73597ac5b7899744bc336afa43c4b6b279ca9a5c8ace3073b49b83b7e5e390dcf3cf4a00bd2f85748b803ed1a6dbcbb4b101cb1e70541e7fd9241fa9154ad7c17a34c2096ff00c39a5c53dbf96b0f95234be5855046d628a46d62c0003a60f04951b99f29ca259dc30cfdf0c3077bfcd825b231f7be9f77278ac52349b76b5b29349d51a0d42686e96668269879c862f2cca7978d86c424b803e4393d72d4a56d593cb1e88bb3e856ca21fb3d84321322897ccb974da9dcae01dc4760719f515a169a7dad8eff00b345b37e377cc4e71f53ef58cf1689e15c5d5b6853402e2410b8d3ac1a5dbb7cd657291038072c37019f9d41f6e8a9b949eec1422b54828a28a9282b1e5d1afe49a475f136ab12b3bb08d23b5da81ba28cc24e17b6493ea5ab628a00c98748be8994bf88f53940923721e3b61b8282190e211c3e72d8e781b4af396ff635ff0091e5ff00c24daaeef2bcbf33cbb5ddbb7eedff00ea71bb1f274dbb7b6ef9ab628a00c94d16e06a46ee5d73529e22ee4d9c821f24a90404c08c361771c7cd93c6e2d815624b68eeede4b2923bb8a10405749da32c005395646dc0738e704ed3c639335eced6d68f2a26f6180141c67240f43eb58e2f750f2480b28c18dc399e3ce063e5e5390db581eff31c11c60032d67f0fea51cb7d75e1cd61bec9b2dcbdde9b3b492441d5d1f6905e51be353d0ba9e5828249eca372ea4b46c8771186c6700e33c13c1ebf8f383c5725aaea37b788d1c45ed5c452c671338cb30c0ddb769014f3f2957e061d79cde93c4e6289e47b31b501638949e07b05a00e868aa5a5ea1fda569f68f28c4376029273d01e72011d7a55da0028a28a00af7b6c6eecde0593cb2d8c3e338c107a7e1594da05cbb6e6d51d8f3c98f3d460f7f4e2b768a6a4d09c5339f6f0dcacc59b502589c9262e4feb49ff0008cc9ff3ff00ff00907ffaf5d0d14f9dff00490b917f4d9cf1f0cb9eb7f9ff00b623fc6b76de2305b45116dc5102eec633818cd494526db1a8a4159faeff00c8bda9ff00d7a4bffa01ad0acbf1145e66837ade648be5dbcad85380dfbb6186f51ce7ea052196e578e6cdb477a619a447d9b0a971b480cca181ced247504648cf6acfbc864b7bd6b9935fd4638a775823b58a185d11d86d1b71117e09df96240c64fca08a8354ff0084bffb7ec8e90743fec5ca7db05d897ed18dff003f9657e5fbb8c67bf5e2ac1bbd6e2b2569adf4917f339586d7edaeb193c1da253192c76ac8f9118c600c6016a0110dac0f717a6de2f146a32cda73225d4263b606427120dffb907952065368c671f3026b7aabda35e323fdb2282360d84f2652e1970393951839c8c73c0073ce058a0028ac3bbf15e9965009ee1992163859199003f36d1d5b232480338ce6a38fc61a5cb9f2fcc7c36c3b769c36338fbdd71daafd9cbb10ea45753a0a2b13fe129b1ff9e571ff007caff8d35bc57a7a0cb24ea32064851c9381de8f673ec2f6b0ee6ed14d8e459624910e51d4329f506a9df6b3a769b2a45797690c920caab6727b7152a2dbb245b696acb3736e9776cf049bb6b8c12a7047bd657fc23369ff003f175ff7d8ff000ab1fdbfa67fcfcffe436ff0a3fb7f4cff009f9ffc86dfe155cb35d192e507d515ff00e119b4ff009f8baffbec7f851ff08cda7fcfc5d7fdf63fc2aedb6ad6377308a09c348464295233f98abb49b92dc6945ec57b2b28ac2dfc988b919dc4b9c926ac514549414514500145158faede5f59ac2d676d77719dc192d9109ea304eee00c669a57761376573628ae286a3e2cf36406d4f961d4236c3965fe224797c11d864e7d4552b4bcf178b4b7b84d2e2b3b9b8984b7d0797bb82304ef541b9c009d460edc67a3569ec9f733f6cbb33d0a8ae3defbc4995d8b3633f366dbb7b71d6bb0a9941c4a84d4b60aa9aaa2c9a45ea30cab412023db69ab74541672d0de8699a5935558a528a0bfd990938cf19033c64fe66a86f8acafa69ac66851e593cc926860488ccd83cbe00ddf79bef679e7ad75ff00d9d63ff3e76fff007e97fc28feceb1ff009f3b7ffbf4bfe155ee93ef1cc7f6d5f7fcff007fe3a9fe15afa05edcde0b8fb4ca242846dc638193e8075005687f6758ff00cf9dbffdfa5ff0a962b786004430c7183d762819fca87cbd01737539ab1d06defb4bd36592ced6559e343746567cbc662c9c01c677ede0f1b73df14e6f07e936b793ddd8787b4dfb4951b2632b46eecce4c81884240e8d9e7712720632534e751a6e88c346bfba748c4cb2c6e8163916df68cee907df562a300ae4fcdb4f357a76b4d45b4f8e7d22f27b5bb1b81963fddc67fd6832c6c72ac0c6b82cb95240e092292949750e58f6211a12b6a0ea6d215b45946d625cbba796723eff00187dbf3739e5760c0737bfb034cff9f6ff00c88dfe34cd1746d3bc3b62f63a5d8bdadaaca582072e189192c32c4f527ae0e474e99d28a5f350b6c74c332e1c60f048cfd0e323d88a7cf2ee1c91ec2c71ac5124683088a1547a01583e2986de1d3ae3519ad353bc11c415adb4e4124b20ddd157b9e73d7a0ae82b32f668ec22496ff583691ac8ce656d91a15de08562c081c6133904e4f7e89369dd0da4d599c46bde1df0f5b5cdd6ff000eebf77258c49761f4f80013b3487842a577bab333e0f23258726b7aeb49d274dd1a6bd48754921b60c82dedad99a562adb36a461324647071b71f3676f35bf23c76f9b99b53290197700ed1840366dd80e338c8ddd7767bedf96b1edb5dd2b59b2b2b9d3f5f7952476bb85a35fde4f1804b222003785de148dac57183870196bda4bb93ece3d8b5a568b6513dbea50adca48f1860b3a8560083c30c6411b8f1d8e6a0f1669f36a105b471ab32073902e4c396380bc8209efc55cf0e6ada6eafa2dbcda55db5cdba46881a4f30498da0a96127cf92a55816e58306c90413a8dbb036853c8ce4e38a1549297327a87246d63829bc3baf9876dba42926c2374aa1c6ee30701d78ebc7b8e46396c9a5dfd858b5c6a4d6d1247feb26695228d727033b9ce3a81c9ef5d9c0b767124f63651ca163198e72d8e5830c98c7014923d4b11f2f53198aeaf11a1bfd374f7819773299cc80b8085720c606376fe7a8d887196212bdb4c8f61031f46d2352b3d5d27951920da5586f5c743e8727271f9515d1d949752da23de5bc76f39cee8925f3028c9c7cd81ce319e300e4027192544a4e4eecd231515644f4c931ba3ca331ddc63b707934fa8a62a1a20663192f85031f39c13b79f6cfe550d5f72ae50923b5bf8750d1af7ed7771c8922cfe75bb22347267e45755556015b6f04b71c92726b02fa1d3b4bb91ad69be1dd4de7bb7887fc4bac614790c8fe6bb48b26d209f2d03b4982b91b4ab6e35ade7c4c756bf6f15016514a518466011d8948f6bab3153f3063bcee3c10a30064324fe28d1b4ad52db46bed5586a0eb1a2472c4434ecee114f0a0125bb2e001b8e00190c0dc462f1ab1464240255b195f638e29d5434ebd5bb9af54493308ae1a3512da3c3b42800852c07983764ef5e39039c64cf693dc4e2537168d6c52428819d5b7a8c7ce31d0139c03ce319009c000b14514500145145001451450062e932c29e1ed343df7904c36e325947384c2723f8b72afafcdc60906a9dbebda5ea3e291a65a7892e5aee2884cd691c49e54a8407044863f9be59171b5fa0f50c6a6d317573a0e98d673d8854b3198a689c99498c797f386fdde1bef7caf91d31536a31f89fed13369977a4790e55628ee6da5dd10e373b32c9893a361004ea3e6e39048daa2b22dd7c441641732e96ccf031431472010cb9f95482c7cc5c1e5be43f2f4f9be5d3844a21413b234a07ccc8a5549f500938fa64d031ca58eedcbb707039ce47ad636b0d76b76040b7457cb18f277601c9eb815b7450072934f7ab1970ba8c6172599d98803f218a6efd57d2fff00ef97aeb6990c315b411c104691431a8448d142aaa8180001d001da9e82d4e77493a9ff006a2fda5ee4c049c0747017e5ee4f079fa56fdc4514ab1f9b11902c8acb8ecc0f07f0a9aab5d5c885a34db2b339c8f2c0ec47073eb91403d8a77a96ed1c167751dedec9712398a4488ab421b20912205116d4720364390382cdd6297c3fa4dd6976d03e98d690acd05c0b7b6630959230a23dde5300db36a0c64a8d8bfdd18923bb682d3c9924be9644501a7758b79c03927680bcec6e83af4c7155e1d62189d59ee6fa6023442ae9100c46ecb9c01cb6467b7ca3007394335216482e9acd23b920ab4fe6c859d32ce495dc49e72785e80600c0180567697aac536a33402eaf6766db859e38d523c2f3b4aa8ce719392704f1818145006dd35cb00366dce7f88d3ab2f5ab88a3b7f22e12de4866470d1cf1ef59318f948e98e7bd005c0f79b4e60833bc003ce3caef209fbbd7660e3d78ce3e6217bddcd8b78368750a7cf392bf2ee246ce08cbe0739c0e464edc46d46ce1b396da0362d0107f70b6c555f7125b2338e4924fae4d65c7269b14c668f46d212522305d6d54310854a73fecec4c7a6c5c7414f958b99773a7d362d4627b84bb4b18ad17cb5b382d55b31a045dc198e01f9f700028c281dce068572ede24bacaed4b6233f36491818edcf3ce2ba8a1a68134f60a28a290c28a28a0028a28a00c7d16e6da0d0ac14bc2920b7895c175539da339fa73f9532df58b8999e56b1b5b70e516312dea79bb727799028655c7f08567ceee76738aeba15f46a6347b62b8db96ea473fec9c75ff0038148fa1dfc8412d6a3031f2923f92d3b0ae89a1fecebf8751d3eff4bb08ec0ce76a48d1491dd2b1dece50742642e482393f3752717a68f46b8120992c241231770e10ee629e59273d494f97e9c74ac9ff00847efbfbd6ff00f7db7ff1351c9e1abb94a16687e460ebb6575e7f01c8f63c5160ba3a9560ca19482a46411d0d636b5e2287459552658fe640cbba5da5c9246d518e4f15ab6d1b456b0c6f8dc88aa71d320551d621b668e2967b9b6b52258c79b3c68db86f5ca7cdfde195e3905b239a22d27aab8a57b68ec617fc27105c2bc5fd9f74034ad6e4ed950eec12483b0617d1c7cb9e8735693c52238d516c9885000dd3963f892327ea6ad593e95aadc2cda65d68d7767b15cac11acac549914b6f56c60b28038eb1b8e49f968c9a6401e39bfe121b7422e4af966dedbca706e7023236eedc3221c861ce0e37569cd4fb19f2d4fe62e69de2437fa8ada1b16881e92190107827818cf6ef8ad2bfd3a1d45504ad2294248646c1e69b60ba64bb9ec8da4cd03b42f243b095917865257a30e84718abd5126af789714ed696a637fc23569ff3f175ff007d8ff0a3fe11ab4ff9f8baff00bec7f856cd1473c87c91336cf44b6b2b813a4933ba820076c819fa0a2b4a8a4db7b8d24b629dd6ab6564585c4e1366d0c769214b1c28240e093d07bd549757d16e0013491c8074df0938fcc547aa6876f7d2ccf2c57726ed921589d002c846d0338390403cf1fcab9f7f879a0c5a9dd3ae93a8cd24d646396f3ed087ce5c05f28967de5b08bc918efbb39ab5c866dcdf43a0fb7787bfb96fff0080e7ff0089a3edde1efee5bffe039ffe26b1ed7c1fa7da5d5d34363acafd92058a166bb464b950bd114b9f986d00b38527d48c9ad44f0d59bedddf6b4ca863b9d383e9c6791f97bd55e1dd936a9d9176cc6917a5cdb416ee5319fdc6319e9d47b569564e81656f6b68d2c105cdb9998ef86e5406560cc0f4e3ae4e4120f504839ad6ace56be86b1bdb533df5bd390fcd71c64804231071e871834cff0084834b18ff004aebfec37f856359f862c356d1ed66bd496412c5148518ab264856c8520f46e7d78ac96f05f872f34976b6d0f55b982e9434bf28b79a531ba851279c5242dcb1cb750ad93caeebb5322f50ec3fb7f4cff9f9ff00c86dfe147f6fe99ff3f3ff0090dbfc2b9183c33a6c51d8cf6ba0ebecd6b6e5231e7c48c9f304689b7c837918dd93b9085dcac72b9dd4f0f5b3797982fd3748e8773c5f205dd87383f75b0318c9f98640e705a9f98af57b235ed355b2be99a2b69c49228cb2ed23038f51ee2ae56368da5416571733a5bdcc0fbda3fdf3467cd031871b09e0e063383c72056cd44ad7f74d23cd6f7828a28a92828a28a002b17c417308b63672d9d9de0914335bde6e11b7cc319c46e3b13d3a815b5597a859dfcd7425b396045d8a0f9839c8624763ed4d2b89bb180b1691716d6369a8e8ba15c4289e54e45ab05458f708bcb8da223043bfca586cdec017c926fc17f617734d26a76160a52e3cdb778d5e666214a891b744bb5f69c71bb00e334368daabc62369ad768248193dfaf6f6151ffc23fa87fcf4b5ff00be9bfc29f2f98b9bc8d3d2a7d1ed618b4ed2a186da15cf970416e6245eac7000007393f535ab5cfe95a0cf63a91ba90db8ddcb98f259ce368ce7daba0a4d5869dc28a28a430a28a280333503a87da17ecd04a5401878e745cfcc09055948fe1c67d18e083d28c9ff00090cb75752159628a48cc704503c23cac81f392cac59c1c91d1718054e0925155ccbb13cafb925ac9aec7143f6ab769a6556f34ac91a23b120e42e09006080371e0f258fcd505c5aea73c9e71b6bcf394ee4ff00898158f72b3326e442a1946e208fe30007dd8041451ccbb7e61cafbfe5fe46ae9df6af32e9ee60922f3240ea1e7f300f940c28fe11f2838f524f5c9abf451498d1cf5b41ab59dadbdaac1332c1188f29711857c2a80465491f7738cff11ce78c4d7526b3716b34515b5c5abc846d9a19e12f174fbbbd197b1ea0f53ed828a7ccbb0b95f7fc8ab241afc92332dc6a31868d502acb6b852319719889c9c739e3938038ab28dac2b444dbdcb04903906e22f9c6cdbb4fc99c67e7f5dddf6fcb4514732edf9872beff0097f91634d8ef16fef26b88ae112e0ab8492e16448c850b84503e507193ef9f5ad4a28a4c695828a28a430a28a2800a28a2800a28a2800a28a2800a28a2800a28a2803fffd9, '2016-10-04 01:31:08', 0);
INSERT INTO `partido` (`id_partido`, `nome_partido`, `sigla`, `slogan`, `numero`, `logo`, `data_criacao`, `votos`) VALUES
(13, 'Google', 'Goo', 'Google Android', 10, 0xffd8ffe000104a46494600010200000100010000ffdb004300080606070605080707070909080a0c140d0c0b0b0c1912130f141d1a1f1e1d1a1c1c20242e2720222c231c1c2837292c30313434341f27393d38323c2e333432ffdb0043010909090c0b0c180d0d1832211c213232323232323232323232323232323232323232323232323232323232323232323232323232323232323232323232323232ffc0001108007000c803012200021101031101ffc4001f0000010501010101010100000000000000000102030405060708090a0bffc400b5100002010303020403050504040000017d01020300041105122131410613516107227114328191a1082342b1c11552d1f02433627282090a161718191a25262728292a3435363738393a434445464748494a535455565758595a636465666768696a737475767778797a838485868788898a92939495969798999aa2a3a4a5a6a7a8a9aab2b3b4b5b6b7b8b9bac2c3c4c5c6c7c8c9cad2d3d4d5d6d7d8d9dae1e2e3e4e5e6e7e8e9eaf1f2f3f4f5f6f7f8f9faffc4001f0100030101010101010101010000000000000102030405060708090a0bffc400b51100020102040403040705040400010277000102031104052131061241510761711322328108144291a1b1c109233352f0156272d10a162434e125f11718191a262728292a35363738393a434445464748494a535455565758595a636465666768696a737475767778797a82838485868788898a92939495969798999aa2a3a4a5a6a7a8a9aab2b3b4b5b6b7b8b9bac2c3c4c5c6c7c8c9cad2d3d4d5d6d7d8d9dae2e3e4e5e6e7e8e9eaf2f3f4f5f6f7f8f9faffda000c03010002110311003f00f0ba28a2800a28a2800a28a2800a28a2800a28a2800a28a2800a28a2800a28a2800a28a2800a28a2800a28a2800a28a2800a28a2800a28a2800a28a2800a28a2800a28a2800a29402c703ad5fb6d0f53bcc7d9ecde4cf4db8a02e67d15d743f0bbc6d3c49245e1eba6470195b2a320f4ef530f849e3b3ff32ecff8c91fff001540ae8e2e8aed7fe151f8f3fe85d9ff00efec7ffc5507e1278ec7fccbb3ff00dfd8ff00f8aa02e8e2a8aebe6f85de36b789e497c3d74a880b336e42001d4f5ac1b9d0753b4cfda2d1e3c75c91fe3405d19d45399190e18629b40c28a28a0028a28a0028a28a0028a28a0028a28a0028a28a0028a28a0028a28a007c5feb05769a4584b7a23541c6064d71717fac15e83e1bbd92dbcbdaa186071839a9958899de6b1f0d350f19789f44883b5ae9769a1dac73de14cfcc0361107f1374cf60393d403e87a2fc2ef076876c628f45b7bc760a1e5be413b3633ce186d5ebced033c7a0aab69e30b8b1d434fd2df4f7bb4974782ea28ad54f9e642e8857e6c211870d9dc368472dc6299adf8e3c4be1bb2b5d4754f06e6c1c8fb4b59dff009f25a8ea4baf9607033c83b7230586455168e953c25e1b8d022787f4a551d00b28c0fe550ddf82fc3b791ec3a459c447468615423f21cfe35521f88de1597c347c41fdaaa9a72cc2dd9de270c25201d9b71927073c03c64f41591a078f7c45e29b1bad4747f0703a7a1716f2ddea2216b9da7a2af96403f53b41c8ddc1a0564646a7e00b7d2f539a5b784f94f6574a9205e3e6824520fa1e7f1eddf1e2dac68cf625d71c60e2be85d53c53ac5d5e1b387479acec8e9f732dc0bdb790cacebe6a85568c344b83186cb3fccb22edf7f12f125dcd38937c61063a6d20feb52f425e8cf3998104035154f73f7ea0aa4585145140051451400514514005145140051451400514514005145140051451400f8bfd60af4af0ac11ca88594678e6bcd62ff582bb9d22ededede328c3d719a993b1123e98b4d2617d2ac2f2dfc9b5be16d6f1bddf92ad2790a559a2dc790ac011d78273d4571dabd87c5cbad4a4bed3754d36d2ca49d4c360c10bc519207ef0ec6048072d876e73b73c0ae6fe2278b753d1b4ff0001b46a4e9e2382fa6896603ed3247e5b88db8c80383dc12c0e32a2a0d4ff00686bc92dd174ad020827e0b3dd4e655ef9015429f4e73f855168f4bbab1d0e2b5fb247e1bd31345b6d44fdb4cd671881545b93e7a8e870e5232d838c3e70149183a5d97c5a83575d46ff0050d2a6b04998cba644141788311b623b06091ca6e71fc3bcf515c437ed05ab9d0cdb8d1ad17532bb45d894f960e7af958ebb7fdac679c638a9340f8fb7361a6a5a6a7a1c570d0a6c8a4b79cc790aa02860db89391cb67bf4e3900f5dd43c3f66fa74f7f7b1c379a8dbc571e45e9882c89130936c7b87242a3ede4f246eea6bc0bc536f1c4ae554679e6babf879e2fbfd5acbc74f3b84b19127bbb6b7927c9864904d218d3206410189e9f749c726b83d5ae9e7b790bb0e7903351276644b7385baff00595054f7272f5055a2c28a28a0028a28a0028a28a0028a28a0028a28a0028a28a0028a28a0028a28a007c7f7c5759a2c804b12b00ca71c115c9c5f7c57416ab32aa3468e4803a29a4c967d1763a7699a85f6916da8595adcdbcba65bab457081d388ced201e030c900f501881d6a1d73e0bf8726d399fc3f691e9faa46de6412ccef3c4cc3f824490b02a7e9c7079e41e7eef579ecee740511cc19b46b472c8a786d9ea3a1af50d0bc4716b0044d0c915c08f7b065c2b7ae0fe5c1f5ef834026af63c064f83be398f5fcae9fa74a0ceb27db15e2fb3824863fba207c80f057cbc718008c57a6685f05b408ac9a4f11dbc5a96a53379923c05eda28ce07c88919518073ce067d074af4bdebbf66e1bf19db9e71eb595ae6b916916e405692e19728814903dcfb5329bb1c46b1a3e97a66ab2da59585bdb416f6570238e15dabcdb36e623a162300b75200cf4af0dd6e505e40a028008000af4bb9d6eeaf358bb06294b3d95eb96f2c8e7ecf29fe75e4b782e1c3b3c520e0f5535242d7539f97b54752cc30466a2aa2c28a28a0028a28a0028a28a0028a28a0028a28a0028a28a0028a28a0028a28a000120e41c56858ea57d1dc45147a9c9688ce14ca5df6c609fbc7682703af009f406b3e8a00f54d535af13db789b5cd36c3c69259e97a34820f3a59e77015488c6e0a8cfbb230cc14461ce0101901af06abf12aea28becfe279e6ba95c7976b1de06678ccff006712871fbb2866f93efe7f8b1b7e6ae56d7c63796de23bfd70da5abdd5e5c3dc9c34b118a462c498de37591461d86376083c82402083c6bab5ac51fd9c5ac575138f2eea3802b24627fb408820fdd84137cff733fc39dbf2d00745078bfc5b2eaad676fe369f514165717265b69e58954c7149260f9910248d99c6dc1c81b86491a7a2ea7e38bcd5b4586ffc65750db5edd5b4372239dfcc804ebbe207e4237488095dbb829c6fd95c359f8961b0d59afedbc3fa5c6ad6b25a9b6df726322456476e66ddb8a332fdec60e40cf357078ff58fb3e8b1481253a45c413db992698a9f24623531f99e580060655158e39392c480755aadef8d26f136a7a369fe30bb9ed22d623d211a5b8704b4c640bbbe41f77cb60c40ebf77239af379f57d46e73e7df5c499fefc84d75ba378e2d61f11ea1ae6a96685e6bd8b515b0b781da27b98cb307de660d19cb37fcf45fde1f90ed515c35002962c72493f5a4a28a0028a28a0028a28a0028a28a0028a28a0028a28a0028a28a0028a28a0028a28a0028a28a0028a28a0028a28a0028a28a0028a28a0028a28a0028a28a0028a28a0028a28a00ffd9, '2016-10-04 03:00:35', 0);

-- --------------------------------------------------------

--
-- Estrutura da tabela `prefeito`
--

CREATE TABLE `prefeito` (
  `id_prefeito` int(11) NOT NULL,
  `id_partido` int(11) NOT NULL,
  `nome` varchar(256) NOT NULL,
  `data_nascimento` date DEFAULT NULL,
  `numero` int(11) NOT NULL,
  `foto` longblob,
  `votos` int(11) DEFAULT '0'
) ENGINE=InnoDB DEFAULT CHARSET=latin1;

--
-- Extraindo dados da tabela `prefeito`
--

INSERT INTO `prefeito` (`id_prefeito`, `id_partido`, `nome`, `data_nascimento`, `numero`, `foto`, `votos`) VALUES
(22, 3, 'Jose', '2016-10-03', 55, 0xffd8ffe000104a46494600010200000100010000ffdb004300080606070605080707070909080a0c140d0c0b0b0c1912130f141d1a1f1e1d1a1c1c20242e2720222c231c1c2837292c30313434341f27393d38323c2e333432ffdb0043010909090c0b0c180d0d1832211c213232323232323232323232323232323232323232323232323232323232323232323232323232323232323232323232323232ffc0001108007000c803012200021101031101ffc4001f0000010501010101010100000000000000000102030405060708090a0bffc400b5100002010303020403050504040000017d01020300041105122131410613516107227114328191a1082342b1c11552d1f02433627282090a161718191a25262728292a3435363738393a434445464748494a535455565758595a636465666768696a737475767778797a838485868788898a92939495969798999aa2a3a4a5a6a7a8a9aab2b3b4b5b6b7b8b9bac2c3c4c5c6c7c8c9cad2d3d4d5d6d7d8d9dae1e2e3e4e5e6e7e8e9eaf1f2f3f4f5f6f7f8f9faffc4001f0100030101010101010101010000000000000102030405060708090a0bffc400b51100020102040403040705040400010277000102031104052131061241510761711322328108144291a1b1c109233352f0156272d10a162434e125f11718191a262728292a35363738393a434445464748494a535455565758595a636465666768696a737475767778797a82838485868788898a92939495969798999aa2a3a4a5a6a7a8a9aab2b3b4b5b6b7b8b9bac2c3c4c5c6c7c8c9cad2d3d4d5d6d7d8d9dae2e3e4e5e6e7e8e9eaf2f3f4f5f6f7f8f9faffda000c03010002110311003f00f0ba28a2800a28a2800a28a2800a28a2800a28a2800a28a2800a28a2800a28a2800a28a2800a28a2800a28a2800a28a2800a28a2800a28a2800a28a2800a28a2800a28a2800a29402c703ad5fb6d0f53bcc7d9ecde4cf4db8a02e67d15d743f0bbc6d3c49245e1eba6470195b2a320f4ef530f849e3b3ff32ecff8c91fff001540ae8e2e8aed7fe151f8f3fe85d9ff00efec7ffc5507e1278ec7fccbb3ff00dfd8ff00f8aa02e8e2a8aebe6f85de36b789e497c3d74a880b336e42001d4f5ac1b9d0753b4cfda2d1e3c75c91fe3405d19d45399190e18629b40c28a28a0028a28a0028a28a0028a28a0028a28a0028a28a0028a28a0028a28a007c5feb05769a4584b7a23541c6064d71717fac15e83e1bbd92dbcbdaa186071839a9958899de6b1f0d350f19789f44883b5ae9769a1dac73de14cfcc0361107f1374cf60393d403e87a2fc2ef076876c628f45b7bc760a1e5be413b3633ce186d5ebced033c7a0aab69e30b8b1d434fd2df4f7bb4974782ea28ad54f9e642e8857e6c211870d9dc368472dc6299adf8e3c4be1bb2b5d4754f06e6c1c8fb4b59dff009f25a8ea4baf9607033c83b7230586455168e953c25e1b8d022787f4a551d00b28c0fe550ddf82fc3b791ec3a459c447468615423f21cfe35521f88de1597c347c41fdaaa9a72cc2dd9de270c25201d9b71927073c03c64f41591a078f7c45e29b1bad4747f0703a7a1716f2ddea2216b9da7a2af96403f53b41c8ddc1a0564646a7e00b7d2f539a5b784f94f6574a9205e3e6824520fa1e7f1eddf1e2dac68cf625d71c60e2be85d53c53ac5d5e1b387479acec8e9f732dc0bdb790cacebe6a85568c344b83186cb3fccb22edf7f12f125dcd38937c61063a6d20feb52f425e8cf3998104035154f73f7ea0aa4585145140051451400514514005145140051451400514514005145140051451400f8bfd60af4af0ac11ca88594678e6bcd62ff582bb9d22ededede328c3d719a993b1123e98b4d2617d2ac2f2dfc9b5be16d6f1bddf92ad2790a559a2dc790ac011d78273d4571dabd87c5cbad4a4bed3754d36d2ca49d4c360c10bc519207ef0ec6048072d876e73b73c0ae6fe2278b753d1b4ff0001b46a4e9e2382fa6896603ed3247e5b88db8c80383dc12c0e32a2a0d4ff00686bc92dd174ad020827e0b3dd4e655ef9015429f4e73f855168f4bbab1d0e2b5fb247e1bd31345b6d44fdb4cd671881545b93e7a8e870e5232d838c3e70149183a5d97c5a83575d46ff0050d2a6b04998cba644141788311b623b06091ca6e71fc3bcf515c437ed05ab9d0cdb8d1ad17532bb45d894f960e7af958ebb7fdac679c638a9340f8fb7361a6a5a6a7a1c570d0a6c8a4b79cc790aa02860db89391cb67bf4e3900f5dd43c3f66fa74f7f7b1c379a8dbc571e45e9882c89130936c7b87242a3ede4f246eea6bc0bc536f1c4ae554679e6babf879e2fbfd5acbc74f3b84b19127bbb6b7927c9864904d218d3206410189e9f749c726b83d5ae9e7b790bb0e7903351276644b7385baff00595054f7272f5055a2c28a28a0028a28a0028a28a0028a28a0028a28a0028a28a0028a28a0028a28a007c7f7c5759a2c804b12b00ca71c115c9c5f7c57416ab32aa3468e4803a29a4c967d1763a7699a85f6916da8595adcdbcba65bab457081d388ced201e030c900f501881d6a1d73e0bf8726d399fc3f691e9faa46de6412ccef3c4cc3f824490b02a7e9c7079e41e7eef579ecee740511cc19b46b472c8a786d9ea3a1af50d0bc4716b0044d0c915c08f7b065c2b7ae0fe5c1f5ef834026af63c064f83be398f5fcae9fa74a0ceb27db15e2fb3824863fba207c80f057cbc718008c57a6685f05b408ac9a4f11dbc5a96a53379923c05eda28ce07c88919518073ce067d074af4bdebbf66e1bf19db9e71eb595ae6b916916e405692e19728814903dcfb5329bb1c46b1a3e97a66ab2da59585bdb416f6570238e15dabcdb36e623a162300b75200cf4af0dd6e505e40a028008000af4bb9d6eeaf358bb06294b3d95eb96f2c8e7ecf29fe75e4b782e1c3b3c520e0f5535242d7539f97b54752cc30466a2aa2c28a28a0028a28a0028a28a0028a28a0028a28a0028a28a0028a28a0028a28a000120e41c56858ea57d1dc45147a9c9688ce14ca5df6c609fbc7682703af009f406b3e8a00f54d535af13db789b5cd36c3c69259e97a34820f3a59e77015488c6e0a8cfbb230cc14461ce0101901af06abf12aea28becfe279e6ba95c7976b1de06678ccff006712871fbb2866f93efe7f8b1b7e6ae56d7c63796de23bfd70da5abdd5e5c3dc9c34b118a462c498de37591461d86376083c82402083c6bab5ac51fd9c5ac575138f2eea3802b24627fb408820fdd84137cff733fc39dbf2d00745078bfc5b2eaad676fe369f514165717265b69e58954c7149260f9910248d99c6dc1c81b86491a7a2ea7e38bcd5b4586ffc65750db5edd5b4372239dfcc804ebbe207e4237488095dbb829c6fd95c359f8961b0d59afedbc3fa5c6ad6b25a9b6df726322456476e66ddb8a332fdec60e40cf357078ff58fb3e8b1481253a45c413db992698a9f24623531f99e580060655158e39392c480755aadef8d26f136a7a369fe30bb9ed22d623d211a5b8704b4c640bbbe41f77cb60c40ebf77239af379f57d46e73e7df5c499fefc84d75ba378e2d61f11ea1ae6a96685e6bd8b515b0b781da27b98cb307de660d19cb37fcf45fde1f90ed515c35002962c72493f5a4a28a0028a28a0028a28a0028a28a0028a28a0028a28a0028a28a0028a28a0028a28a0028a28a0028a28a0028a28a0028a28a0028a28a0028a28a0028a28a0028a28a0028a28a00ffd9, 0),
(24, 12, 'sdsdsd', '2016-10-03', 85, 0xffd8ffe000104a46494600010200000100010000ffdb004300080606070605080707070909080a0c140d0c0b0b0c1912130f141d1a1f1e1d1a1c1c20242e2720222c231c1c2837292c30313434341f27393d38323c2e333432ffdb0043010909090c0b0c180d0d1832211c213232323232323232323232323232323232323232323232323232323232323232323232323232323232323232323232323232ffc0001108007000c803012200021101031101ffc4001f0000010501010101010100000000000000000102030405060708090a0bffc400b5100002010303020403050504040000017d01020300041105122131410613516107227114328191a1082342b1c11552d1f02433627282090a161718191a25262728292a3435363738393a434445464748494a535455565758595a636465666768696a737475767778797a838485868788898a92939495969798999aa2a3a4a5a6a7a8a9aab2b3b4b5b6b7b8b9bac2c3c4c5c6c7c8c9cad2d3d4d5d6d7d8d9dae1e2e3e4e5e6e7e8e9eaf1f2f3f4f5f6f7f8f9faffc4001f0100030101010101010101010000000000000102030405060708090a0bffc400b51100020102040403040705040400010277000102031104052131061241510761711322328108144291a1b1c109233352f0156272d10a162434e125f11718191a262728292a35363738393a434445464748494a535455565758595a636465666768696a737475767778797a82838485868788898a92939495969798999aa2a3a4a5a6a7a8a9aab2b3b4b5b6b7b8b9bac2c3c4c5c6c7c8c9cad2d3d4d5d6d7d8d9dae2e3e4e5e6e7e8e9eaf2f3f4f5f6f7f8f9faffda000c03010002110311003f00f0ba28a2800a28a2800a28a2800a28a2800a28a2800a28a2800a28a2800a28a2800a28a2800a28a2800a28a2800a28a2800a28a2800a28a2800a28a2800a28a2800a28a2800a29402c703ad5fb6d0f53bcc7d9ecde4cf4db8a02e67d15d743f0bbc6d3c49245e1eba6470195b2a320f4ef530f849e3b3ff32ecff8c91fff001540ae8e2e8aed7fe151f8f3fe85d9ff00efec7ffc5507e1278ec7fccbb3ff00dfd8ff00f8aa02e8e2a8aebe6f85de36b789e497c3d74a880b336e42001d4f5ac1b9d0753b4cfda2d1e3c75c91fe3405d19d45399190e18629b40c28a28a0028a28a0028a28a0028a28a0028a28a0028a28a0028a28a0028a28a007c5feb05769a4584b7a23541c6064d71717fac15e83e1bbd92dbcbdaa186071839a9958899de6b1f0d350f19789f44883b5ae9769a1dac73de14cfcc0361107f1374cf60393d403e87a2fc2ef076876c628f45b7bc760a1e5be413b3633ce186d5ebced033c7a0aab69e30b8b1d434fd2df4f7bb4974782ea28ad54f9e642e8857e6c211870d9dc368472dc6299adf8e3c4be1bb2b5d4754f06e6c1c8fb4b59dff009f25a8ea4baf9607033c83b7230586455168e953c25e1b8d022787f4a551d00b28c0fe550ddf82fc3b791ec3a459c447468615423f21cfe35521f88de1597c347c41fdaaa9a72cc2dd9de270c25201d9b71927073c03c64f41591a078f7c45e29b1bad4747f0703a7a1716f2ddea2216b9da7a2af96403f53b41c8ddc1a0564646a7e00b7d2f539a5b784f94f6574a9205e3e6824520fa1e7f1eddf1e2dac68cf625d71c60e2be85d53c53ac5d5e1b387479acec8e9f732dc0bdb790cacebe6a85568c344b83186cb3fccb22edf7f12f125dcd38937c61063a6d20feb52f425e8cf3998104035154f73f7ea0aa4585145140051451400514514005145140051451400514514005145140051451400f8bfd60af4af0ac11ca88594678e6bcd62ff582bb9d22ededede328c3d719a993b1123e98b4d2617d2ac2f2dfc9b5be16d6f1bddf92ad2790a559a2dc790ac011d78273d4571dabd87c5cbad4a4bed3754d36d2ca49d4c360c10bc519207ef0ec6048072d876e73b73c0ae6fe2278b753d1b4ff0001b46a4e9e2382fa6896603ed3247e5b88db8c80383dc12c0e32a2a0d4ff00686bc92dd174ad020827e0b3dd4e655ef9015429f4e73f855168f4bbab1d0e2b5fb247e1bd31345b6d44fdb4cd671881545b93e7a8e870e5232d838c3e70149183a5d97c5a83575d46ff0050d2a6b04998cba644141788311b623b06091ca6e71fc3bcf515c437ed05ab9d0cdb8d1ad17532bb45d894f960e7af958ebb7fdac679c638a9340f8fb7361a6a5a6a7a1c570d0a6c8a4b79cc790aa02860db89391cb67bf4e3900f5dd43c3f66fa74f7f7b1c379a8dbc571e45e9882c89130936c7b87242a3ede4f246eea6bc0bc536f1c4ae554679e6babf879e2fbfd5acbc74f3b84b19127bbb6b7927c9864904d218d3206410189e9f749c726b83d5ae9e7b790bb0e7903351276644b7385baff00595054f7272f5055a2c28a28a0028a28a0028a28a0028a28a0028a28a0028a28a0028a28a0028a28a007c7f7c5759a2c804b12b00ca71c115c9c5f7c57416ab32aa3468e4803a29a4c967d1763a7699a85f6916da8595adcdbcba65bab457081d388ced201e030c900f501881d6a1d73e0bf8726d399fc3f691e9faa46de6412ccef3c4cc3f824490b02a7e9c7079e41e7eef579ecee740511cc19b46b472c8a786d9ea3a1af50d0bc4716b0044d0c915c08f7b065c2b7ae0fe5c1f5ef834026af63c064f83be398f5fcae9fa74a0ceb27db15e2fb3824863fba207c80f057cbc718008c57a6685f05b408ac9a4f11dbc5a96a53379923c05eda28ce07c88919518073ce067d074af4bdebbf66e1bf19db9e71eb595ae6b916916e405692e19728814903dcfb5329bb1c46b1a3e97a66ab2da59585bdb416f6570238e15dabcdb36e623a162300b75200cf4af0dd6e505e40a028008000af4bb9d6eeaf358bb06294b3d95eb96f2c8e7ecf29fe75e4b782e1c3b3c520e0f5535242d7539f97b54752cc30466a2aa2c28a28a0028a28a0028a28a0028a28a0028a28a0028a28a0028a28a0028a28a000120e41c56858ea57d1dc45147a9c9688ce14ca5df6c609fbc7682703af009f406b3e8a00f54d535af13db789b5cd36c3c69259e97a34820f3a59e77015488c6e0a8cfbb230cc14461ce0101901af06abf12aea28becfe279e6ba95c7976b1de06678ccff006712871fbb2866f93efe7f8b1b7e6ae56d7c63796de23bfd70da5abdd5e5c3dc9c34b118a462c498de37591461d86376083c82402083c6bab5ac51fd9c5ac575138f2eea3802b24627fb408820fdd84137cff733fc39dbf2d00745078bfc5b2eaad676fe369f514165717265b69e58954c7149260f9910248d99c6dc1c81b86491a7a2ea7e38bcd5b4586ffc65750db5edd5b4372239dfcc804ebbe207e4237488095dbb829c6fd95c359f8961b0d59afedbc3fa5c6ad6b25a9b6df726322456476e66ddb8a332fdec60e40cf357078ff58fb3e8b1481253a45c413db992698a9f24623531f99e580060655158e39392c480755aadef8d26f136a7a369fe30bb9ed22d623d211a5b8704b4c640bbbe41f77cb60c40ebf77239af379f57d46e73e7df5c499fefc84d75ba378e2d61f11ea1ae6a96685e6bd8b515b0b781da27b98cb307de660d19cb37fcf45fde1f90ed515c35002962c72493f5a4a28a0028a28a0028a28a0028a28a0028a28a0028a28a0028a28a0028a28a0028a28a0028a28a0028a28a0028a28a0028a28a0028a28a0028a28a0028a28a0028a28a0028a28a00ffd9, 0),
(27, 2, 'Maria', '2016-10-03', 13, 0xffd8ffe000104a46494600010200000100010000ffdb004300080606070605080707070909080a0c140d0c0b0b0c1912130f141d1a1f1e1d1a1c1c20242e2720222c231c1c2837292c30313434341f27393d38323c2e333432ffdb0043010909090c0b0c180d0d1832211c213232323232323232323232323232323232323232323232323232323232323232323232323232323232323232323232323232ffc0001108007000c803012200021101031101ffc4001f0000010501010101010100000000000000000102030405060708090a0bffc400b5100002010303020403050504040000017d01020300041105122131410613516107227114328191a1082342b1c11552d1f02433627282090a161718191a25262728292a3435363738393a434445464748494a535455565758595a636465666768696a737475767778797a838485868788898a92939495969798999aa2a3a4a5a6a7a8a9aab2b3b4b5b6b7b8b9bac2c3c4c5c6c7c8c9cad2d3d4d5d6d7d8d9dae1e2e3e4e5e6e7e8e9eaf1f2f3f4f5f6f7f8f9faffc4001f0100030101010101010101010000000000000102030405060708090a0bffc400b51100020102040403040705040400010277000102031104052131061241510761711322328108144291a1b1c109233352f0156272d10a162434e125f11718191a262728292a35363738393a434445464748494a535455565758595a636465666768696a737475767778797a82838485868788898a92939495969798999aa2a3a4a5a6a7a8a9aab2b3b4b5b6b7b8b9bac2c3c4c5c6c7c8c9cad2d3d4d5d6d7d8d9dae2e3e4e5e6e7e8e9eaf2f3f4f5f6f7f8f9faffda000c03010002110311003f00f0ba28a2800a28a2800a28a2800a28a2800a28a2800a28a2800a28a2800a28a2800a28a2800a28a2800a28a2800a28a2800a28a2800a28a2800a28a2800a28a2800a28a2800a29402c703ad5fb6d0f53bcc7d9ecde4cf4db8a02e67d15d743f0bbc6d3c49245e1eba6470195b2a320f4ef530f849e3b3ff32ecff8c91fff001540ae8e2e8aed7fe151f8f3fe85d9ff00efec7ffc5507e1278ec7fccbb3ff00dfd8ff00f8aa02e8e2a8aebe6f85de36b789e497c3d74a880b336e42001d4f5ac1b9d0753b4cfda2d1e3c75c91fe3405d19d45399190e18629b40c28a28a0028a28a0028a28a0028a28a0028a28a0028a28a0028a28a0028a28a007c5feb05769a4584b7a23541c6064d71717fac15e83e1bbd92dbcbdaa186071839a9958899de6b1f0d350f19789f44883b5ae9769a1dac73de14cfcc0361107f1374cf60393d403e87a2fc2ef076876c628f45b7bc760a1e5be413b3633ce186d5ebced033c7a0aab69e30b8b1d434fd2df4f7bb4974782ea28ad54f9e642e8857e6c211870d9dc368472dc6299adf8e3c4be1bb2b5d4754f06e6c1c8fb4b59dff009f25a8ea4baf9607033c83b7230586455168e953c25e1b8d022787f4a551d00b28c0fe550ddf82fc3b791ec3a459c447468615423f21cfe35521f88de1597c347c41fdaaa9a72cc2dd9de270c25201d9b71927073c03c64f41591a078f7c45e29b1bad4747f0703a7a1716f2ddea2216b9da7a2af96403f53b41c8ddc1a0564646a7e00b7d2f539a5b784f94f6574a9205e3e6824520fa1e7f1eddf1e2dac68cf625d71c60e2be85d53c53ac5d5e1b387479acec8e9f732dc0bdb790cacebe6a85568c344b83186cb3fccb22edf7f12f125dcd38937c61063a6d20feb52f425e8cf3998104035154f73f7ea0aa4585145140051451400514514005145140051451400514514005145140051451400f8bfd60af4af0ac11ca88594678e6bcd62ff582bb9d22ededede328c3d719a993b1123e98b4d2617d2ac2f2dfc9b5be16d6f1bddf92ad2790a559a2dc790ac011d78273d4571dabd87c5cbad4a4bed3754d36d2ca49d4c360c10bc519207ef0ec6048072d876e73b73c0ae6fe2278b753d1b4ff0001b46a4e9e2382fa6896603ed3247e5b88db8c80383dc12c0e32a2a0d4ff00686bc92dd174ad020827e0b3dd4e655ef9015429f4e73f855168f4bbab1d0e2b5fb247e1bd31345b6d44fdb4cd671881545b93e7a8e870e5232d838c3e70149183a5d97c5a83575d46ff0050d2a6b04998cba644141788311b623b06091ca6e71fc3bcf515c437ed05ab9d0cdb8d1ad17532bb45d894f960e7af958ebb7fdac679c638a9340f8fb7361a6a5a6a7a1c570d0a6c8a4b79cc790aa02860db89391cb67bf4e3900f5dd43c3f66fa74f7f7b1c379a8dbc571e45e9882c89130936c7b87242a3ede4f246eea6bc0bc536f1c4ae554679e6babf879e2fbfd5acbc74f3b84b19127bbb6b7927c9864904d218d3206410189e9f749c726b83d5ae9e7b790bb0e7903351276644b7385baff00595054f7272f5055a2c28a28a0028a28a0028a28a0028a28a0028a28a0028a28a0028a28a0028a28a007c7f7c5759a2c804b12b00ca71c115c9c5f7c57416ab32aa3468e4803a29a4c967d1763a7699a85f6916da8595adcdbcba65bab457081d388ced201e030c900f501881d6a1d73e0bf8726d399fc3f691e9faa46de6412ccef3c4cc3f824490b02a7e9c7079e41e7eef579ecee740511cc19b46b472c8a786d9ea3a1af50d0bc4716b0044d0c915c08f7b065c2b7ae0fe5c1f5ef834026af63c064f83be398f5fcae9fa74a0ceb27db15e2fb3824863fba207c80f057cbc718008c57a6685f05b408ac9a4f11dbc5a96a53379923c05eda28ce07c88919518073ce067d074af4bdebbf66e1bf19db9e71eb595ae6b916916e405692e19728814903dcfb5329bb1c46b1a3e97a66ab2da59585bdb416f6570238e15dabcdb36e623a162300b75200cf4af0dd6e505e40a028008000af4bb9d6eeaf358bb06294b3d95eb96f2c8e7ecf29fe75e4b782e1c3b3c520e0f5535242d7539f97b54752cc30466a2aa2c28a28a0028a28a0028a28a0028a28a0028a28a0028a28a0028a28a0028a28a000120e41c56858ea57d1dc45147a9c9688ce14ca5df6c609fbc7682703af009f406b3e8a00f54d535af13db789b5cd36c3c69259e97a34820f3a59e77015488c6e0a8cfbb230cc14461ce0101901af06abf12aea28becfe279e6ba95c7976b1de06678ccff006712871fbb2866f93efe7f8b1b7e6ae56d7c63796de23bfd70da5abdd5e5c3dc9c34b118a462c498de37591461d86376083c82402083c6bab5ac51fd9c5ac575138f2eea3802b24627fb408820fdd84137cff733fc39dbf2d00745078bfc5b2eaad676fe369f514165717265b69e58954c7149260f9910248d99c6dc1c81b86491a7a2ea7e38bcd5b4586ffc65750db5edd5b4372239dfcc804ebbe207e4237488095dbb829c6fd95c359f8961b0d59afedbc3fa5c6ad6b25a9b6df726322456476e66ddb8a332fdec60e40cf357078ff58fb3e8b1481253a45c413db992698a9f24623531f99e580060655158e39392c480755aadef8d26f136a7a369fe30bb9ed22d623d211a5b8704b4c640bbbe41f77cb60c40ebf77239af379f57d46e73e7df5c499fefc84d75ba378e2d61f11ea1ae6a96685e6bd8b515b0b781da27b98cb307de660d19cb37fcf45fde1f90ed515c35002962c72493f5a4a28a0028a28a0028a28a0028a28a0028a28a0028a28a0028a28a0028a28a0028a28a0028a28a0028a28a0028a28a0028a28a0028a28a0028a28a0028a28a0028a28a0028a28a00ffd9, 0),
(28, 13, 'Android', '1998-10-07', 10, 0xffd8ffe000104a46494600010200000100010000ffdb004300080606070605080707070909080a0c140d0c0b0b0c1912130f141d1a1f1e1d1a1c1c20242e2720222c231c1c2837292c30313434341f27393d38323c2e333432ffdb0043010909090c0b0c180d0d1832211c213232323232323232323232323232323232323232323232323232323232323232323232323232323232323232323232323232ffc0001108007000c803012200021101031101ffc4001f0000010501010101010100000000000000000102030405060708090a0bffc400b5100002010303020403050504040000017d01020300041105122131410613516107227114328191a1082342b1c11552d1f02433627282090a161718191a25262728292a3435363738393a434445464748494a535455565758595a636465666768696a737475767778797a838485868788898a92939495969798999aa2a3a4a5a6a7a8a9aab2b3b4b5b6b7b8b9bac2c3c4c5c6c7c8c9cad2d3d4d5d6d7d8d9dae1e2e3e4e5e6e7e8e9eaf1f2f3f4f5f6f7f8f9faffc4001f0100030101010101010101010000000000000102030405060708090a0bffc400b51100020102040403040705040400010277000102031104052131061241510761711322328108144291a1b1c109233352f0156272d10a162434e125f11718191a262728292a35363738393a434445464748494a535455565758595a636465666768696a737475767778797a82838485868788898a92939495969798999aa2a3a4a5a6a7a8a9aab2b3b4b5b6b7b8b9bac2c3c4c5c6c7c8c9cad2d3d4d5d6d7d8d9dae2e3e4e5e6e7e8e9eaf2f3f4f5f6f7f8f9faffda000c03010002110311003f00f0ba28a2800a28a2800a28a2800a28a2800a28a2800a28a2800a28a2800a28a2800a28a2800a28a2800a28a2800a28a2800a28a2800a28a2800a28a2800a28a2800a28a2800a29402c703ad5fb6d0f53bcc7d9ecde4cf4db8a02e67d15d743f0bbc6d3c49245e1eba6470195b2a320f4ef530f849e3b3ff32ecff8c91fff001540ae8e2e8aed7fe151f8f3fe85d9ff00efec7ffc5507e1278ec7fccbb3ff00dfd8ff00f8aa02e8e2a8aebe6f85de36b789e497c3d74a880b336e42001d4f5ac1b9d0753b4cfda2d1e3c75c91fe3405d19d45399190e18629b40c28a28a0028a28a0028a28a0028a28a0028a28a0028a28a0028a28a0028a28a007c5feb05769a4584b7a23541c6064d71717fac15e83e1bbd92dbcbdaa186071839a9958899de6b1f0d350f19789f44883b5ae9769a1dac73de14cfcc0361107f1374cf60393d403e87a2fc2ef076876c628f45b7bc760a1e5be413b3633ce186d5ebced033c7a0aab69e30b8b1d434fd2df4f7bb4974782ea28ad54f9e642e8857e6c211870d9dc368472dc6299adf8e3c4be1bb2b5d4754f06e6c1c8fb4b59dff009f25a8ea4baf9607033c83b7230586455168e953c25e1b8d022787f4a551d00b28c0fe550ddf82fc3b791ec3a459c447468615423f21cfe35521f88de1597c347c41fdaaa9a72cc2dd9de270c25201d9b71927073c03c64f41591a078f7c45e29b1bad4747f0703a7a1716f2ddea2216b9da7a2af96403f53b41c8ddc1a0564646a7e00b7d2f539a5b784f94f6574a9205e3e6824520fa1e7f1eddf1e2dac68cf625d71c60e2be85d53c53ac5d5e1b387479acec8e9f732dc0bdb790cacebe6a85568c344b83186cb3fccb22edf7f12f125dcd38937c61063a6d20feb52f425e8cf3998104035154f73f7ea0aa4585145140051451400514514005145140051451400514514005145140051451400f8bfd60af4af0ac11ca88594678e6bcd62ff582bb9d22ededede328c3d719a993b1123e98b4d2617d2ac2f2dfc9b5be16d6f1bddf92ad2790a559a2dc790ac011d78273d4571dabd87c5cbad4a4bed3754d36d2ca49d4c360c10bc519207ef0ec6048072d876e73b73c0ae6fe2278b753d1b4ff0001b46a4e9e2382fa6896603ed3247e5b88db8c80383dc12c0e32a2a0d4ff00686bc92dd174ad020827e0b3dd4e655ef9015429f4e73f855168f4bbab1d0e2b5fb247e1bd31345b6d44fdb4cd671881545b93e7a8e870e5232d838c3e70149183a5d97c5a83575d46ff0050d2a6b04998cba644141788311b623b06091ca6e71fc3bcf515c437ed05ab9d0cdb8d1ad17532bb45d894f960e7af958ebb7fdac679c638a9340f8fb7361a6a5a6a7a1c570d0a6c8a4b79cc790aa02860db89391cb67bf4e3900f5dd43c3f66fa74f7f7b1c379a8dbc571e45e9882c89130936c7b87242a3ede4f246eea6bc0bc536f1c4ae554679e6babf879e2fbfd5acbc74f3b84b19127bbb6b7927c9864904d218d3206410189e9f749c726b83d5ae9e7b790bb0e7903351276644b7385baff00595054f7272f5055a2c28a28a0028a28a0028a28a0028a28a0028a28a0028a28a0028a28a0028a28a007c7f7c5759a2c804b12b00ca71c115c9c5f7c57416ab32aa3468e4803a29a4c967d1763a7699a85f6916da8595adcdbcba65bab457081d388ced201e030c900f501881d6a1d73e0bf8726d399fc3f691e9faa46de6412ccef3c4cc3f824490b02a7e9c7079e41e7eef579ecee740511cc19b46b472c8a786d9ea3a1af50d0bc4716b0044d0c915c08f7b065c2b7ae0fe5c1f5ef834026af63c064f83be398f5fcae9fa74a0ceb27db15e2fb3824863fba207c80f057cbc718008c57a6685f05b408ac9a4f11dbc5a96a53379923c05eda28ce07c88919518073ce067d074af4bdebbf66e1bf19db9e71eb595ae6b916916e405692e19728814903dcfb5329bb1c46b1a3e97a66ab2da59585bdb416f6570238e15dabcdb36e623a162300b75200cf4af0dd6e505e40a028008000af4bb9d6eeaf358bb06294b3d95eb96f2c8e7ecf29fe75e4b782e1c3b3c520e0f5535242d7539f97b54752cc30466a2aa2c28a28a0028a28a0028a28a0028a28a0028a28a0028a28a0028a28a0028a28a000120e41c56858ea57d1dc45147a9c9688ce14ca5df6c609fbc7682703af009f406b3e8a00f54d535af13db789b5cd36c3c69259e97a34820f3a59e77015488c6e0a8cfbb230cc14461ce0101901af06abf12aea28becfe279e6ba95c7976b1de06678ccff006712871fbb2866f93efe7f8b1b7e6ae56d7c63796de23bfd70da5abdd5e5c3dc9c34b118a462c498de37591461d86376083c82402083c6bab5ac51fd9c5ac575138f2eea3802b24627fb408820fdd84137cff733fc39dbf2d00745078bfc5b2eaad676fe369f514165717265b69e58954c7149260f9910248d99c6dc1c81b86491a7a2ea7e38bcd5b4586ffc65750db5edd5b4372239dfcc804ebbe207e4237488095dbb829c6fd95c359f8961b0d59afedbc3fa5c6ad6b25a9b6df726322456476e66ddb8a332fdec60e40cf357078ff58fb3e8b1481253a45c413db992698a9f24623531f99e580060655158e39392c480755aadef8d26f136a7a369fe30bb9ed22d623d211a5b8704b4c640bbbe41f77cb60c40ebf77239af379f57d46e73e7df5c499fefc84d75ba378e2d61f11ea1ae6a96685e6bd8b515b0b781da27b98cb307de660d19cb37fcf45fde1f90ed515c35002962c72493f5a4a28a0028a28a0028a28a0028a28a0028a28a0028a28a0028a28a0028a28a0028a28a0028a28a0028a28a0028a28a0028a28a0028a28a0028a28a0028a28a0028a28a0028a28a00ffd9, 0);

-- --------------------------------------------------------

--
-- Estrutura da tabela `usuario`
--

CREATE TABLE `usuario` (
  `id_user` int(11) NOT NULL,
  `nome` varchar(50) NOT NULL,
  `login` varchar(40) NOT NULL,
  `senha` varchar(40) NOT NULL,
  `perfil` varchar(40) NOT NULL
) ENGINE=InnoDB DEFAULT CHARSET=latin1;

--
-- Extraindo dados da tabela `usuario`
--

INSERT INTO `usuario` (`id_user`, `nome`, `login`, `senha`, `perfil`) VALUES
(1, 'Jose', 'admin', 'admin', 'admin');

-- --------------------------------------------------------

--
-- Estrutura da tabela `vereador`
--

CREATE TABLE `vereador` (
  `id_vereador` int(11) NOT NULL,
  `id_partido` int(11) NOT NULL,
  `id_prefeito` int(11) DEFAULT NULL,
  `nome` varchar(256) NOT NULL,
  `data_nascimento` date DEFAULT NULL,
  `numero` int(11) NOT NULL,
  `foto` longblob,
  `votos` int(11) DEFAULT '0'
) ENGINE=InnoDB DEFAULT CHARSET=latin1;

--
-- Extraindo dados da tabela `vereador`
--

INSERT INTO `vereador` (`id_vereador`, `id_partido`, `id_prefeito`, `nome`, `data_nascimento`, `numero`, `foto`, `votos`) VALUES
(23, 12, 22, 'fdsfdsf', '2016-10-03', 85852, 0xffd8ffe000104a46494600010200000100010000ffdb004300080606070605080707070909080a0c140d0c0b0b0c1912130f141d1a1f1e1d1a1c1c20242e2720222c231c1c2837292c30313434341f27393d38323c2e333432ffdb0043010909090c0b0c180d0d1832211c213232323232323232323232323232323232323232323232323232323232323232323232323232323232323232323232323232ffc0001108007000c803012200021101031101ffc4001f0000010501010101010100000000000000000102030405060708090a0bffc400b5100002010303020403050504040000017d01020300041105122131410613516107227114328191a1082342b1c11552d1f02433627282090a161718191a25262728292a3435363738393a434445464748494a535455565758595a636465666768696a737475767778797a838485868788898a92939495969798999aa2a3a4a5a6a7a8a9aab2b3b4b5b6b7b8b9bac2c3c4c5c6c7c8c9cad2d3d4d5d6d7d8d9dae1e2e3e4e5e6e7e8e9eaf1f2f3f4f5f6f7f8f9faffc4001f0100030101010101010101010000000000000102030405060708090a0bffc400b51100020102040403040705040400010277000102031104052131061241510761711322328108144291a1b1c109233352f0156272d10a162434e125f11718191a262728292a35363738393a434445464748494a535455565758595a636465666768696a737475767778797a82838485868788898a92939495969798999aa2a3a4a5a6a7a8a9aab2b3b4b5b6b7b8b9bac2c3c4c5c6c7c8c9cad2d3d4d5d6d7d8d9dae2e3e4e5e6e7e8e9eaf2f3f4f5f6f7f8f9faffda000c03010002110311003f00f0ba28a2800a28a2800a28a2800a28a2800a28a2800a28a2800a28a2800a28a2800a28a2800a28a2800a28a2800a28a2800a28a2800a28a2800a28a2800a28a2800a28a2800a29402c703ad5fb6d0f53bcc7d9ecde4cf4db8a02e67d15d743f0bbc6d3c49245e1eba6470195b2a320f4ef530f849e3b3ff32ecff8c91fff001540ae8e2e8aed7fe151f8f3fe85d9ff00efec7ffc5507e1278ec7fccbb3ff00dfd8ff00f8aa02e8e2a8aebe6f85de36b789e497c3d74a880b336e42001d4f5ac1b9d0753b4cfda2d1e3c75c91fe3405d19d45399190e18629b40c28a28a0028a28a0028a28a0028a28a0028a28a0028a28a0028a28a0028a28a007c5feb05769a4584b7a23541c6064d71717fac15e83e1bbd92dbcbdaa186071839a9958899de6b1f0d350f19789f44883b5ae9769a1dac73de14cfcc0361107f1374cf60393d403e87a2fc2ef076876c628f45b7bc760a1e5be413b3633ce186d5ebced033c7a0aab69e30b8b1d434fd2df4f7bb4974782ea28ad54f9e642e8857e6c211870d9dc368472dc6299adf8e3c4be1bb2b5d4754f06e6c1c8fb4b59dff009f25a8ea4baf9607033c83b7230586455168e953c25e1b8d022787f4a551d00b28c0fe550ddf82fc3b791ec3a459c447468615423f21cfe35521f88de1597c347c41fdaaa9a72cc2dd9de270c25201d9b71927073c03c64f41591a078f7c45e29b1bad4747f0703a7a1716f2ddea2216b9da7a2af96403f53b41c8ddc1a0564646a7e00b7d2f539a5b784f94f6574a9205e3e6824520fa1e7f1eddf1e2dac68cf625d71c60e2be85d53c53ac5d5e1b387479acec8e9f732dc0bdb790cacebe6a85568c344b83186cb3fccb22edf7f12f125dcd38937c61063a6d20feb52f425e8cf3998104035154f73f7ea0aa4585145140051451400514514005145140051451400514514005145140051451400f8bfd60af4af0ac11ca88594678e6bcd62ff582bb9d22ededede328c3d719a993b1123e98b4d2617d2ac2f2dfc9b5be16d6f1bddf92ad2790a559a2dc790ac011d78273d4571dabd87c5cbad4a4bed3754d36d2ca49d4c360c10bc519207ef0ec6048072d876e73b73c0ae6fe2278b753d1b4ff0001b46a4e9e2382fa6896603ed3247e5b88db8c80383dc12c0e32a2a0d4ff00686bc92dd174ad020827e0b3dd4e655ef9015429f4e73f855168f4bbab1d0e2b5fb247e1bd31345b6d44fdb4cd671881545b93e7a8e870e5232d838c3e70149183a5d97c5a83575d46ff0050d2a6b04998cba644141788311b623b06091ca6e71fc3bcf515c437ed05ab9d0cdb8d1ad17532bb45d894f960e7af958ebb7fdac679c638a9340f8fb7361a6a5a6a7a1c570d0a6c8a4b79cc790aa02860db89391cb67bf4e3900f5dd43c3f66fa74f7f7b1c379a8dbc571e45e9882c89130936c7b87242a3ede4f246eea6bc0bc536f1c4ae554679e6babf879e2fbfd5acbc74f3b84b19127bbb6b7927c9864904d218d3206410189e9f749c726b83d5ae9e7b790bb0e7903351276644b7385baff00595054f7272f5055a2c28a28a0028a28a0028a28a0028a28a0028a28a0028a28a0028a28a0028a28a007c7f7c5759a2c804b12b00ca71c115c9c5f7c57416ab32aa3468e4803a29a4c967d1763a7699a85f6916da8595adcdbcba65bab457081d388ced201e030c900f501881d6a1d73e0bf8726d399fc3f691e9faa46de6412ccef3c4cc3f824490b02a7e9c7079e41e7eef579ecee740511cc19b46b472c8a786d9ea3a1af50d0bc4716b0044d0c915c08f7b065c2b7ae0fe5c1f5ef834026af63c064f83be398f5fcae9fa74a0ceb27db15e2fb3824863fba207c80f057cbc718008c57a6685f05b408ac9a4f11dbc5a96a53379923c05eda28ce07c88919518073ce067d074af4bdebbf66e1bf19db9e71eb595ae6b916916e405692e19728814903dcfb5329bb1c46b1a3e97a66ab2da59585bdb416f6570238e15dabcdb36e623a162300b75200cf4af0dd6e505e40a028008000af4bb9d6eeaf358bb06294b3d95eb96f2c8e7ecf29fe75e4b782e1c3b3c520e0f5535242d7539f97b54752cc30466a2aa2c28a28a0028a28a0028a28a0028a28a0028a28a0028a28a0028a28a0028a28a000120e41c56858ea57d1dc45147a9c9688ce14ca5df6c609fbc7682703af009f406b3e8a00f54d535af13db789b5cd36c3c69259e97a34820f3a59e77015488c6e0a8cfbb230cc14461ce0101901af06abf12aea28becfe279e6ba95c7976b1de06678ccff006712871fbb2866f93efe7f8b1b7e6ae56d7c63796de23bfd70da5abdd5e5c3dc9c34b118a462c498de37591461d86376083c82402083c6bab5ac51fd9c5ac575138f2eea3802b24627fb408820fdd84137cff733fc39dbf2d00745078bfc5b2eaad676fe369f514165717265b69e58954c7149260f9910248d99c6dc1c81b86491a7a2ea7e38bcd5b4586ffc65750db5edd5b4372239dfcc804ebbe207e4237488095dbb829c6fd95c359f8961b0d59afedbc3fa5c6ad6b25a9b6df726322456476e66ddb8a332fdec60e40cf357078ff58fb3e8b1481253a45c413db992698a9f24623531f99e580060655158e39392c480755aadef8d26f136a7a369fe30bb9ed22d623d211a5b8704b4c640bbbe41f77cb60c40ebf77239af379f57d46e73e7df5c499fefc84d75ba378e2d61f11ea1ae6a96685e6bd8b515b0b781da27b98cb307de660d19cb37fcf45fde1f90ed515c35002962c72493f5a4a28a0028a28a0028a28a0028a28a0028a28a0028a28a0028a28a0028a28a0028a28a0028a28a0028a28a0028a28a0028a28a0028a28a0028a28a0028a28a0028a28a0028a28a00ffd9, 0),
(24, 13, 27, 'Android', '2016-10-04', 10000, 0xffd8ffe000104a46494600010200000100010000ffdb004300080606070605080707070909080a0c140d0c0b0b0c1912130f141d1a1f1e1d1a1c1c20242e2720222c231c1c2837292c30313434341f27393d38323c2e333432ffdb0043010909090c0b0c180d0d1832211c213232323232323232323232323232323232323232323232323232323232323232323232323232323232323232323232323232ffc0001108007000c803012200021101031101ffc4001f0000010501010101010100000000000000000102030405060708090a0bffc400b5100002010303020403050504040000017d01020300041105122131410613516107227114328191a1082342b1c11552d1f02433627282090a161718191a25262728292a3435363738393a434445464748494a535455565758595a636465666768696a737475767778797a838485868788898a92939495969798999aa2a3a4a5a6a7a8a9aab2b3b4b5b6b7b8b9bac2c3c4c5c6c7c8c9cad2d3d4d5d6d7d8d9dae1e2e3e4e5e6e7e8e9eaf1f2f3f4f5f6f7f8f9faffc4001f0100030101010101010101010000000000000102030405060708090a0bffc400b51100020102040403040705040400010277000102031104052131061241510761711322328108144291a1b1c109233352f0156272d10a162434e125f11718191a262728292a35363738393a434445464748494a535455565758595a636465666768696a737475767778797a82838485868788898a92939495969798999aa2a3a4a5a6a7a8a9aab2b3b4b5b6b7b8b9bac2c3c4c5c6c7c8c9cad2d3d4d5d6d7d8d9dae2e3e4e5e6e7e8e9eaf2f3f4f5f6f7f8f9faffda000c03010002110311003f00f0ba28a2800a28a2800a28a2800a28a2800a28a2800a28a2800a28a2800a28a2800a28a2800a28a2800a28a2800a28a2800a28a2800a28a2800a28a2800a28a2800a28a2800a29402c703ad5fb6d0f53bcc7d9ecde4cf4db8a02e67d15d743f0bbc6d3c49245e1eba6470195b2a320f4ef530f849e3b3ff32ecff8c91fff001540ae8e2e8aed7fe151f8f3fe85d9ff00efec7ffc5507e1278ec7fccbb3ff00dfd8ff00f8aa02e8e2a8aebe6f85de36b789e497c3d74a880b336e42001d4f5ac1b9d0753b4cfda2d1e3c75c91fe3405d19d45399190e18629b40c28a28a0028a28a0028a28a0028a28a0028a28a0028a28a0028a28a0028a28a007c5feb05769a4584b7a23541c6064d71717fac15e83e1bbd92dbcbdaa186071839a9958899de6b1f0d350f19789f44883b5ae9769a1dac73de14cfcc0361107f1374cf60393d403e87a2fc2ef076876c628f45b7bc760a1e5be413b3633ce186d5ebced033c7a0aab69e30b8b1d434fd2df4f7bb4974782ea28ad54f9e642e8857e6c211870d9dc368472dc6299adf8e3c4be1bb2b5d4754f06e6c1c8fb4b59dff009f25a8ea4baf9607033c83b7230586455168e953c25e1b8d022787f4a551d00b28c0fe550ddf82fc3b791ec3a459c447468615423f21cfe35521f88de1597c347c41fdaaa9a72cc2dd9de270c25201d9b71927073c03c64f41591a078f7c45e29b1bad4747f0703a7a1716f2ddea2216b9da7a2af96403f53b41c8ddc1a0564646a7e00b7d2f539a5b784f94f6574a9205e3e6824520fa1e7f1eddf1e2dac68cf625d71c60e2be85d53c53ac5d5e1b387479acec8e9f732dc0bdb790cacebe6a85568c344b83186cb3fccb22edf7f12f125dcd38937c61063a6d20feb52f425e8cf3998104035154f73f7ea0aa4585145140051451400514514005145140051451400514514005145140051451400f8bfd60af4af0ac11ca88594678e6bcd62ff582bb9d22ededede328c3d719a993b1123e98b4d2617d2ac2f2dfc9b5be16d6f1bddf92ad2790a559a2dc790ac011d78273d4571dabd87c5cbad4a4bed3754d36d2ca49d4c360c10bc519207ef0ec6048072d876e73b73c0ae6fe2278b753d1b4ff0001b46a4e9e2382fa6896603ed3247e5b88db8c80383dc12c0e32a2a0d4ff00686bc92dd174ad020827e0b3dd4e655ef9015429f4e73f855168f4bbab1d0e2b5fb247e1bd31345b6d44fdb4cd671881545b93e7a8e870e5232d838c3e70149183a5d97c5a83575d46ff0050d2a6b04998cba644141788311b623b06091ca6e71fc3bcf515c437ed05ab9d0cdb8d1ad17532bb45d894f960e7af958ebb7fdac679c638a9340f8fb7361a6a5a6a7a1c570d0a6c8a4b79cc790aa02860db89391cb67bf4e3900f5dd43c3f66fa74f7f7b1c379a8dbc571e45e9882c89130936c7b87242a3ede4f246eea6bc0bc536f1c4ae554679e6babf879e2fbfd5acbc74f3b84b19127bbb6b7927c9864904d218d3206410189e9f749c726b83d5ae9e7b790bb0e7903351276644b7385baff00595054f7272f5055a2c28a28a0028a28a0028a28a0028a28a0028a28a0028a28a0028a28a0028a28a007c7f7c5759a2c804b12b00ca71c115c9c5f7c57416ab32aa3468e4803a29a4c967d1763a7699a85f6916da8595adcdbcba65bab457081d388ced201e030c900f501881d6a1d73e0bf8726d399fc3f691e9faa46de6412ccef3c4cc3f824490b02a7e9c7079e41e7eef579ecee740511cc19b46b472c8a786d9ea3a1af50d0bc4716b0044d0c915c08f7b065c2b7ae0fe5c1f5ef834026af63c064f83be398f5fcae9fa74a0ceb27db15e2fb3824863fba207c80f057cbc718008c57a6685f05b408ac9a4f11dbc5a96a53379923c05eda28ce07c88919518073ce067d074af4bdebbf66e1bf19db9e71eb595ae6b916916e405692e19728814903dcfb5329bb1c46b1a3e97a66ab2da59585bdb416f6570238e15dabcdb36e623a162300b75200cf4af0dd6e505e40a028008000af4bb9d6eeaf358bb06294b3d95eb96f2c8e7ecf29fe75e4b782e1c3b3c520e0f5535242d7539f97b54752cc30466a2aa2c28a28a0028a28a0028a28a0028a28a0028a28a0028a28a0028a28a0028a28a000120e41c56858ea57d1dc45147a9c9688ce14ca5df6c609fbc7682703af009f406b3e8a00f54d535af13db789b5cd36c3c69259e97a34820f3a59e77015488c6e0a8cfbb230cc14461ce0101901af06abf12aea28becfe279e6ba95c7976b1de06678ccff006712871fbb2866f93efe7f8b1b7e6ae56d7c63796de23bfd70da5abdd5e5c3dc9c34b118a462c498de37591461d86376083c82402083c6bab5ac51fd9c5ac575138f2eea3802b24627fb408820fdd84137cff733fc39dbf2d00745078bfc5b2eaad676fe369f514165717265b69e58954c7149260f9910248d99c6dc1c81b86491a7a2ea7e38bcd5b4586ffc65750db5edd5b4372239dfcc804ebbe207e4237488095dbb829c6fd95c359f8961b0d59afedbc3fa5c6ad6b25a9b6df726322456476e66ddb8a332fdec60e40cf357078ff58fb3e8b1481253a45c413db992698a9f24623531f99e580060655158e39392c480755aadef8d26f136a7a369fe30bb9ed22d623d211a5b8704b4c640bbbe41f77cb60c40ebf77239af379f57d46e73e7df5c499fefc84d75ba378e2d61f11ea1ae6a96685e6bd8b515b0b781da27b98cb307de660d19cb37fcf45fde1f90ed515c35002962c72493f5a4a28a0028a28a0028a28a0028a28a0028a28a0028a28a0028a28a0028a28a0028a28a0028a28a0028a28a0028a28a0028a28a0028a28a0028a28a0028a28a0028a28a0028a28a00ffd9, 0),
(25, 13, 28, 'José Antônio', '1998-07-06', 10852, 0xffd8ffe000104a46494600010200000100010000ffdb004300080606070605080707070909080a0c140d0c0b0b0c1912130f141d1a1f1e1d1a1c1c20242e2720222c231c1c2837292c30313434341f27393d38323c2e333432ffdb0043010909090c0b0c180d0d1832211c213232323232323232323232323232323232323232323232323232323232323232323232323232323232323232323232323232ffc000110800c700c803012200021101031101ffc4001f0000010501010101010100000000000000000102030405060708090a0bffc400b5100002010303020403050504040000017d01020300041105122131410613516107227114328191a1082342b1c11552d1f02433627282090a161718191a25262728292a3435363738393a434445464748494a535455565758595a636465666768696a737475767778797a838485868788898a92939495969798999aa2a3a4a5a6a7a8a9aab2b3b4b5b6b7b8b9bac2c3c4c5c6c7c8c9cad2d3d4d5d6d7d8d9dae1e2e3e4e5e6e7e8e9eaf1f2f3f4f5f6f7f8f9faffc4001f0100030101010101010101010000000000000102030405060708090a0bffc400b51100020102040403040705040400010277000102031104052131061241510761711322328108144291a1b1c109233352f0156272d10a162434e125f11718191a262728292a35363738393a434445464748494a535455565758595a636465666768696a737475767778797a82838485868788898a92939495969798999aa2a3a4a5a6a7a8a9aab2b3b4b5b6b7b8b9bac2c3c4c5c6c7c8c9cad2d3d4d5d6d7d8d9dae2e3e4e5e6e7e8e9eaf2f3f4f5f6f7f8f9faffda000c03010002110311003f00c158a47384566fa0a71465c02ac09ec45755a7694d66adf3232b11f5a8f52b01238e00ebc8ed41afb3d0e6e8e7356e2d3ee6694c71445f07a8e05682786ee95774eb803b2104d23268c4039e9576ce0695c3004e380077357f51d1c5bcd1f92004284919f4a7e9c025c40a3850e3a7d6803734a8dedec46e42aec4922aeab4d3b623caaf76a4680c9c190800f41e9538611ed45000ae77b968b0ac157731e147e7555bcdb862cc4aa0e8a38cd3679c21da1b9efec2b1751d40889e4690a448093f4a96866c3dc5bc0092d1afb0c0ae13c4bf107c85960d311652bc3c993815cfea5e276bf6960b52ea3a6f6ef5ca98d7ce674deac49ddf37069c61d58ae5c7d6aee762bf682eec3241269915f5a82566bb937e0f7efe99acf98b4920dac4e0632bc1a60b261213102e4f42c3bd69a0ec59935296362609e7524f04486b5b4ed4f51998234df68c29e1db91f8d737359cd12a919dd8f987a1c9ff00eb541b2ea36f30330c1eaa79a6993c87a1cdad5b49a44cb1b6252bb0a30c104f5feb582a4820f3f95614b3ccc411210c7923d4d5eb0d503811dc1008c056c55f35c8940d588bee0554e01eb5d4d8349242a029dc074ae6e39cafcbb38ed815d368970d245b5a3200e7de868ca5045bf2e4e005e4fb54258a9c1c8f6ad292e17a04703a74a8da30d722565621874e0743c7f5a9688f668a8d6d2923099a416d29524018e9d4549ba7f336f92c554f196e9cd5b4894a912464f4392d4ac52a68a434eb8638c2e7eb456b9670384c6075245147295ecd1674eba222208e9d89e82ad4d710c8bb739383d6b9a1751a8381b4f4c838a4fb6a67976f7e6ab98d95468dcd10b79b2170593700a6ba3678e2404b281e84d708b78a380c79f7a78bb19eb47312e573aabc5b59e227cc45f94e096ae7edad63876be77329c824f19aafe78393fcea786646182714b9857345f50b8e4875fca9bfdaf7214f2b9c7522a122065fbdcd55f941ef5360e664771a84c8a492ce49e4fad70faf6bed71235b895fca5e1b07a9aed35675834bb99d71b9636238ef8ae274cf0fcdaa4467d87e63d293b234827276312de0babc751046c13a6ec75aecf4ef054d222b3fcf211c802badd2fc370da584308ca91863f5aeaecad9215f94727ad64e77d8eb8d24b738187c0e61e4c6b8feeedcff003a43e0896663968e24278da49c7e15e8f328db55c28a96d96a28e223f045b59fde60c4752475a64de15d2650775ba64f5205767380c3eb599340839151cccb51479aeb7e0d584192c980039da075ae0ef6cae6d092ea783dbb57b95d46b835cb6ab670ce4a32839ad2136998d5a49ea8e53c3d7ad730b42c7e643c6476aee742b399e4dfb4043dcf7ae163d34691ae5a4dbf6dbb481599ba283c1cd7aadacb6b6f12f97771edc718208aea4ee704d599298c1dcbb0961f85453e9e18c4ce006c8c91c81dbfad5d1a9d91f99e78c1518eb515cea7a7b5a388ee43376c03d69e840c5b32b2918f90f4343a11f263a1cfd69926b5620e229dfaf3f2d40faee9f9270fbfd71cd2ba196cc7181ca100f6345679f115b8046d2d81453ba0bb393bcbab8b3844865473e84609ac793c417049c46aa455bd5c92ea30781d40aa2ba25edc46d3a47b5063fd61c67e9eb585c4c9a0d6efe690471a2b39e00ad981efb6032dc460e7eea293fad56b3b54b08f62fccc7ab91d7ffad5692438279e4fa53196d5a4c67ed4467d5692437030c97a463fe998aa864c1c8cf3d0629e64da460f5aa11612e6fb38178a40c7fcb1ff00ebd4c93dd639b953ff006cff00faf5563742769620f5c019a7b4802f70471cd0057d66f2616de42cc5bcc1f30c62babf0cc3e5e9f1718e95c3ce0dcead0c182475cd7a3e9b10b7b744f402b1a8fa1db878e9736e219157a33b47159b0ca2b4a2395a88a3a41dcb8e98a6019a9f19eb8a8c90b9a6052b96db9acc9a4e4f15ab72a24e41acd9223e6118e2a1a2d195724906b9cbf43e666babb888006b075087278a121499c9eb6a65b56c00481d0d2e857e66d382313be36da4673dc7f4a76aafb6365f5ed58fa1398eeeee26279c38ff003f8d74419c15d753a9332ecc1fbdc0cfaf4a4120c9193f87e15532517aff00174ebfe7a53093960d9e38fe55673d8b46655ddf311fe7ff00ad5099c772727aff009fcaab3ca7f9ff005a6f99d01c939ff0a45178dd45b54edebd68aa0e78c64fb1a2981d35c408c436473d5631c7e359d7b70cefb147dd18ad498186dc961f31185f6ac166def81f789ee73cd4a4651bbd455c16f9b3f515213bdb8238e3f1a8d3248ea3fc29dbb0d8cff8e2a8d10f241273d4f4a366dedcd357207f5a467cb861d7bd20b12a2e0870467d3fa54cbd7d78e3355439dfe9eb5233b0cfa8eb9a6227d32357f10872a3e58f3fad741a86b11d9feed48327a7a5616899fed9727fe79139fc6aedd58c4d24b3ce0b331c81e9e9584b73ba95f91586a78b4dba316e5fe951a7c4bb9864c989767a11ff00d7a4b7d1e4d4640b1471c6bd3749d3f9545adf82ae2c0e4f9320233f2823fa55268a6a474f61f10ac2f800c76c87b76adc4d563b88c321041f4af185b48e194654a329af47f0bd9cd3c2ac0f04714a4d171bf5379ef950649e2b9cd5bc5b6b625831cb0ec2acf88e392c62724e315e677ec97570ef2e59b3d334904dd917ef3c777326e11aa8209c0c76aa6be28bc9d732ed51eb8aad6ba79b8909860de41e702ad5cd8cb6b1932db6d07ae0553b196a50bcd48cee5651839c06038aa56b7a965a9b3c99dac98e2ad5d431cd13151d05615e1c3a673f705540ce6b43b55bc49e306321bb8a1e4667e4835ca699a83dbbec382adc574e1831dd91c8e0d5339c6b3924e01e0520c138e7ad38281d33fe1498391803ad2b0084fde18a29189393dbb1028a680dfd4a72f71b431c018e4f7acf553b8904e7b53e57323161cd3578dd918fc68262ac852a783cfad2a2eec302327f95337fca71c9e8314edc371c0e94c6014f423f1f514a40ebc9f714a33b4e0f51c0a71c638ce3ad0022e40e41f6a9ed2d65beb858a2fbcc78cfa542707e503b0e49ef5358c4f2dd148890fb0b29f460323f954c9e85d38a949266ae99a6dcda6aac93c654edc0f7e456edee972b2968d7760671eb5690dd3c364b7814c81376e5ef9c56e5b45b93a573b7767a31872ab23ccd752d6bed0f6d696e90bae4293d4915c85cf8afc417d7412eaf25336eda5194e40af62d5bc39f6b9ccf1a10e7a956c1ac51e14d4a79c2ed6c63197715aa6ac44a2db39dd2f4a9b50d4c412ab4b0632f328c15ff001af4ad1ec974e8d208c960a3009a5b1d060d2600c4ee9bb9cf1576c8667a86cda2ac737e3646934d99bd16bc992d6e6e1ca470c923373955cf15ec9e344c69930f6ae0fc3ec1a4119c0619c13f5a49d889ab993a8dd6b7e168ad2386548a0ba8f7b3aa1214f4c1f7ac81e27d4ef6076bb4468f38e98cd7a3ea1a75dc913247bf047dddc0ff003ae6aefc377921df246c33ee2b4e7563274dad8e66dd9a48d9b6102b1b5343f69500672bdbeb5e816da77d8a29239231f37af35cdea16cb1ddb10b8ddd3e944256644e0ec731920e6ba5d2eefcf4da4e4a8f5ae727ff005f2e07f11ab5a64fe4dce3900f6ad8e568ea44982b9ec38a323e6e703351a92d1871ce40fc78a439ea081ce2a1889b760e38e7a7a1a29a01000c631da8a57196dd9564032012783fcaa520f97b8b679f6155d9b24e3a01814ee4e541c11c74aab887aa12703bfe952e5481fc39e41f7a8e3620f4f6e3d69ce4824e71dbf1a0003e0f3c0ed52a6c6c36463b03daab821a4db81c71c67ad4c1caab2b0fd3bd301598648f53c82338ab7a21d9abda73d640ac0fa1e3fad67e7e63db8c3558b498c17b04b8ff0056e1f9f6349ad070d248f45019b5028ff723501456eda7503b560cf3012c3302017e0807f23f956b5b5d2220390335cbd4f56e6d88d76e481513cc91f000acf7d4d557ad5337a669405e957cc162d5fce5982af24d3f4f46ddc8e6b2aff518b4e6f327e148e0d45a6f8b6c6e57cd8265e3a839047e0690cb3e2e8f7db49191d5715e5d6024b3d580604217da0e38cd76de26f11c4f0304656623924f4ae11afcb80eac193767f1a1a2247a7db159221b876a7cb126c3903159fa4dec73d9abab0248153dcdcfc841231506862eaf0a1463800815e77ad9092ee27eef38aed35abec2360e7d2b8b9a01aa493c25b1298cf963d5bd2b5a6b539eb3b238d627249ee69cadb64dc0fd29a57070463fc681debaba1c2d9d75a4de6dba1ff67f2a9b808c38ce78cf7ac9d2a4cc4140e71d335a2241e5b1ce4e783593249091b88279c75a2987920919e28a4265b5c33fcc78073d6a5e30bce78e7fa542fc1ce780a338352a00adbb249c63e5c7f9ed4d218f52770238f7c53c8cb7cc78cf3fe7f0a6282a4e41f978e943b02bf32918183c74a603d460072d8e7e6e3f5a47258b75ebce6914f07e5c023b8edfe4d38eedab9047520114c06f3ce7f9522b7cd9ce79e0629a48c2020f278f7ff38a06ece4e403c0f7349823b4b4d721d460b7b7581d278c659ce31c715764ba962da179cd71da449e4ea084f46f979ed9aec461941c74ae79ab33be8cdc96a325be748c16273566cee4920fad51bbdaea7039f4acff00f848a2d1ae0417967300df764c7cadf8d423747557d6b16a96460b804a1e841c107eb5c9dcf84a4b4066b395811fc3eb5b9078aed8ae7eca42e71922ac1f13d93afce898ed86ad120e5b9e6d7eb33865909e382a6b2f6bc433938feed779aedce8fa821222292766461fa8ae3a748d1f0ac58678269d8ca4ac6bf87358304860766dadf747a56e5d6a1b9721ab858650972851806cf4ef5b865c427774c54b43527628ea77c6463c935cd4b7ed6778970a771561f28e091e957eee50cef8f73d6b99b972d3b9ce79e2b5a68e7ab22c6acc8da94d2469e5ac844807fbc01feb5481abda99571672aff15b206faae54ff2aa1fceb74739a9a5cac250b93815b458b2918181db8ae76c9b1301ed8add476030467fe0359cd6a22c12474f4ef4545c13c0c7b628a8158d01f24c73b88ce0f14e2fb9db93b739193d3fce6a2462371ddceef4efc53d064a73c7a1fc2ab71933c9d429ef8193dbfc9a524c88c783dff9d574ff00598ea473dbda9cac76282324f53f87ff005e988b1900838e0b63ebcf3fca909ca76ebe9f4a8720c99c7039000ff7a9ef93bb20753ce3a50029f994fcc071d477f6a5c9da3770064b6074e4f4fca9a8bb428c72179e073d286c3678e31df18e9ffd7a617258d8c2e920232181f6038aedaca65990007231c570b8dcc8b8c80d903d79ff00eb56f68b7a4aed391b0e3eb58d45737c3cacec746b10f38558d4ad60bab511cb187423041f4a8e221c061561db29cd62b43be2c5b0b548a1f29ad16442fbb3deb74e9de1eb8b53bedd049dc630c2b16c75886c27c4eaac846304d5b9b55d3e77dc36ae7d48add356347152d8cfd4f44d0edac1d51419f19000249f6ae0358b1b8f29960b3080f462471c576fa8ea3688848914e3deb8dd53533725953213d7d68b8a74e118eace62ced1ada46771f313ce4d5f9ee0f93b7bd2e4794dc73eb542593039e6a3738dcac53bb94470b1efdab9d272c4e7bf5ad1d4ee32c2307dcd66e78ae9a6ac8e79bbb2eee33699e5ff00140e5b1fecb019fc881f9d52181cd588f7c11bc8f950ea5029ead9fe955fb75ab209ed9b6cd9c71ed5b9032b26ee0e071ef5cf06c1ad8b09372053d07526a2405ff30329cf53fa514d6c2fdd1834545846af0b20c76e7a7d2933f71b24639e33ed4adb8cf82c30319e3fcfa5441822a7cdc0c67f4140c963f9003920123fa53723007618ee3d055cd2348d4359bd8ed74fb769a638e3a00383924f0075eb5e8ba47c2c8602b16b172d35deddc2cec9b381c72cec303a55c62d90d9e619c1249c9c67b5355b6213b47738fcebd9752f018b6b5692ced74c81947dd90bca48f425bfa0ac04d52dac8b4371e1cd32470704988f3fd2abd999caa28ee79e67e650077ebdfef53c38383c1f6c7d2bb8d42db46d6e0ff47d1dec2ef3c4906590fd57b0f715c84ba55f47a847651c60c8d208c0c81c92073fe3438305522f635b49d0eca780dd6a579242be419d638632cd80c40c9c10b9c1c559b7d5740b2d1f508b4eb49e7965da04f70e0f95b4f3b70a3ad761ab6893da7c3fb3d3d27b785dd9227b895b68b91863b54f6032402d807039f5f3dd7ac65d22ca68ee606b765454d98c705b1c7ad5722b19d4ab28c924749653b26164eb8fceb715048a08e86b20dafda34f8da3e240a0a9a34dd5800d0cb91221c722bcf6b53dc4ec5bbcd23cf5e8483d857357de1dbc89cb4064c1ed9aeda1be89d79614d9af22d8416078ed4d0cf3a7d32fc7055891eb54e5b5b8190d1b66bbbbabbb748f7035cbdf6a71977c74069dc5249239fb8568a26dc307d0d62dccfe5a139e7d0558d5f5301b19e73d2b25527bd23cb8ddb3e82b58c2e714e696eca7bed5cb3c9e7ee3d70452adc430f30c1b9bfbd29dd8fc056ce9de0ebeb96dd3ed863ef93935b71f826c827ccd23b7a96c0ae9b1c33c5d283b36707248f2b9776258f73499adfd4bc3cb0c845aca188e0a93585244f0c851d4a91d41148da9d58d457888393ed5b1a79010fa7d6b181e6b5b4c6cc6413c6454cb634344b163b54f4ce4e7f0a2b4747d385f5de1fee2286623d3d28ac5cac690a329aba0f3091b9b8da0138fc7fc6ba7f08f836e3c44cd7338962d3d5b26448cb348431f95077e9c9e82a8f863417d73566478657b487e698c60e7fd941eec4607e27b57a8789b5e7d0346b1d134f896d2510a99510f29c7dc07f3c9ade11beace7a93508dd9b3a768f751dafd874c8edb44b13f7f0dbe771ea4fafe39ac3f1378cedf4046d3b4897685c79973bb73c8ddf9feb5e632ea575f6adeeedc738dfd7eb546f4bcb1bdc12ccc7b63b568da4704f10e5a22dddebb79a94d249e6cecea49dc58923bd7a6fc36f1ce9af64f61aade247709f365c70e3d463bd78c7876e658df53954920c5b0fd49ff00006aa595d9b5d6a39482467b1eb49487094a0da3ea0baf1fe8166db626926ffae29c7e67158371e29f0dcbab26a9f6290dec71958cb01cfd0e719f4fad790cbab991a241110ace3396eb5accb7683cb6fb32b632119f19fc4f1568ca58a9a7aa3aff001f6abac6b9e1cb69ff00b37ecda5095096948ded904038f4e7f5ae76d74cb9d5bc2fa8e9973333594706f8e5972df677046d0bdf248c6075cd5fb6bfd5ee7c3afa5eb4889a3202cb30f9dd429dd84c7dec63e83b902abf8a1d2ffc396da240ff006786e235bc2b1f24a93fbbdc4f5385c9e9f7bda93db436525cca6de86ae9c3640899ce140e4567ebfa3bca9f6cb2f92e106481d1eac68f3c6d6f146186f550197e95b3c118ec6bcc774f53e8612538dd1e643c492c4c51c346e3a8355e6f14c87abfeb5d2f8a7c2eb74ad7768b8987de51debcd6e2168e421970c38e455c6ccca7cd13626f10b3263cd0063a66b16ef573b484059b3d6b342ee919bb7d2a6823135cc5176770a4fd4d6f18238ea576b434b45d29ee5bed77285c93f229aeeb4ad1a5bb962b6b5b6692e18708a3a7d7d2a7d26d67b878a0d3e248c961123e39fc33db1c935b375a8958ef748d1254f2ed93ccbdbcf330f74c08c81e8327000ae9840f179e588936f61f2e95a4693c6ada89b898647d9ac46eda4762c7a1ab36cb637281ec3c1f7572a7a3cd70caa7f4c55ff0d7872d22b85bfb8b663e69f32de176ff0056bdb27b9aec9a79a48dd7cb1142a7600a79638ff3cd6bca91d54f0f1b5da3ceaf751d574e42e7c15a7a5b01b98f91e671ebb874aa32597847c5f1f9373a62e93767859a26dd1fe23b57a8db493a482129e6c27246fe0a918cf3f88e6b8dd7741b0b7d5135055786d1df64c91e320904ee5edce0e47e3de8b265ce0e2af13c935cf86f3e95a89b5693cb27989f04c728f556efd45655ce927488a371b89ced3b46724f4af6d0ca6dff00b175b47fb04bf3432bf0d067a38f6e7915cc49a54967adcda65ec7ba4b770e1b1f7c75535cf563ca854a756551456c45e13d1254d26f279948678b70047238a2bb6b587ecfa549c60b29cd15c7b9f411f75591afe1df09c9a159b185d12e999a4284821598614b11d7681c0e9926b92f8816b0db6a766a9746e6e5631e7bb1cb6ef53f81adef156bf6fa569a74ad3eecc93b92d73387cbe7d323bfb7e15e5c2e19b50daccdb8f663927eb5de958f9ec4d44d72a18d6e8492cb819ce6a4834bbbbb80dd98e2b7d3b257ed573288d4fb01d4fe02b5afbecbe17d21350bf816e2f255df6d6920f971d9e41e9ce40ef5c2f88756bcbbb7826beb879aea41b892784cf400760063f3acdb31a54bac8d4b2d2f43b28eee36f135b1df2f2d0412c9b547407e51ef5d5e8be1bf8733dc81fdbb25e5c28c1467112e7d8119fd6bcffc2892c76d733a80d9600a119dc067fc6ba148ec6700c96caadeb814d173af1849ab5cf4997c25e074b71e6431aa8e564376d91ff8f62b9abed57c13a5c82dfcfbcbd61feaf745e6a467dce5770f6cfd6b0069b625f7348c323e5545ebfe156deca0308431af4e98aab98cf1107f64d88f52b4f1169fa95b69ed7a6e52c9cc72dc471c68a80a964454ce0140df97bd72dadb5c278b2e6cda4512db224316c180ca8a140f6fba6af5afda34c9d25b5c615b3b08e08ee3e87a552d4679350d5e6d427510ccec64e395ce4923f5a1327db2946d61d6da918d95662d1c83f88715bf6be209a3c0995668fd5786ff00035cd87b7bd0164dab27438c734c6b69a261e5b122894232dcaa589a949fbacf408753b4bb0523946eee8c307f235c878b3c38278daead102c9c961d8d5017130ff5a9b80e326af5bdecf344f1acd218f1cab1c8fc2b0fabd9dd33d28e669c5a9ad4e697c396d1da852c4c83a906ade93e1cb5f34dc49930c7c9627966f41570892ee7fb3c638c7ccc2ba44b78d2d228cc6abe4ae40518c9f7ae8513c5ad889bd2fb915d6a3fd95a30485025f5e1314046079518e188f4273b73ed52d9695b24d2346bbd29ad6ea591a592e5bac89d76f1d87bfb5534f0fea7e30f10dc8b17852dec36dbef94900633db1cf393f8d75363a38b3d634fd46eb5a37f32cc6cb94da8a7cb6c0539e7950bd3bd6cb4477d1a5ca923b2bf06deead6244c621e76f639a77ef1cc51ae4663df9278dc4f19cfb01f9d5ad460cc905da9de85769c7a1ef9fc73f8558b529ba4232a3e5e1bb0da3fcfe749b3b48999238e36246e00aa75e59bff00d42b33c576ab1f859d987cc17238e9f3ae3f4ada8e03797019b8810e40c753583e3abb67d39e0815a577017620dc719049c7b600fc692dc53f859c6ea3fe95e1bb7bd6bf79a743e5f94e065171c73d48ff001acf8b5117d616f7b2e5ee6d89b69a43d4a8e63cfe048ff80d5eb67d124f0f4c27464d40676ed931bb1f51c75e9df1dab27c308b3ea579a515c8be808527b4880b29fe63f1a5563cd168c30f3f67553675316a30dde9e6353c95a2b93d3eee48a62814ee462aea07208ea0d15e6d9a3e863692ba2ba3190898f0a391ee7d4d3f48d3e19f5c6d56f0674fb34324c3382cdf7517f1623f006abdc3fee02c7c11d855fbf2b61e07b6590957d46e0cb21ff623e07fe3c735e84b43e4a96aee725e25bfb8f10788991d8ba799999c0e8339207d05735aacc6fb512106790140ae89dc596877174e3f7f74c581ee01e7fa8ac8d12d3ccb8fb5ca0ec5ce33dcd646f19595d9b76919b186348c7dc5e4fad583a95a820ce9f38e4edaa73de2a931c60b39fd2aa8452486e58f5a0e671e6d59ae35eb553fbbb703b0673dbe95a4b7aae4139e78e95cab44b9e83ad5eb29cf01b2706999ce9a5b1d1195588dbd69cb6df696f2e35f9c8e39e335989310c181c0cd5bb6d692d6660cbbd4f048ea3e94d1938bb68626a3a74f6d70c92c651c7e46a6b4bab98d7e6532a0e38ea2bab9a38758d38c9190cca3e573d47b572d6737d9afda07030c78aabd8a84f996a58fb5ab601fd460fe46a55b69644f2adf82e7e66f4152989657da1467b9c524d388c6c87391d7de973037d89bcdb7d22211c603ca7a91fd2ae5acd9812697399181c63aaafcc73f80ac4d36cdeea6fb45ce7ca8fe624f7ad58e65b8b1d72e91311dbd9b247edb99573f9669c49a70e6a8916bc0de1fd59a74f127db6282d55da6646dcece003921075ea6bbcd7f4c87c41a60b58d256bf940920793e416e0104b903ee8edcf27358bf0b746787491a9b5d34f2ca1a2820dc76c633ce7d39ae86e646bfd55b40d3e43f6893e6d42ec0c6147f08fcf1c74adaf63dc8ec4da26b84e9e21d5d711bbb442e40cc5330fe253db3d7078f4f41ab6c6d1bef5d2342bf776b8208f5e3fafff005eac49a6442eac608d02dad8c65fcb038638c2fe5826b89d6f56b3d23c396b24ba64333dd48edbc80197f7848edcf18a8dcbd51d3eade29b1b1b299a07328894965806f3f8e3a7d4d64da4f7fa7dfcba8ea051ecaead9561bab452e2dfb80475c1f5e7b7e0dd5679f4dd3ee1ec915a1b6996e258020224b67072bcfd1b1f4a20df67ff0012bd36e42c33c7f68d3d9fe65c7f1464771c923d89f4aa486d36673587856faea4fb46a92de5e4e72d25b292aa4f19c28200fad72ffd9b2f877e2058da336fc5c4651c7465271fe22bbab6b3b6d3f5032d8ada5a6ab3c3bee2d49ca3773838e39f41f857089a94de21f88b6f34f1ac66de404856dc155393cf7e94fa18ca2919d7573169fe3bd5e1e886e1b8fc68ae43c4fa9bc9e22bdd422638fb533703aae714570c93b9df86c472c2cce93cdc0cfaf43563c6aec6c7c3e887e516e171dbe72734515d123c4a7f0b39cf17808d6d6c99da101c7d6a942e60b311c7f7b3f9514567d498fc08235f2f2dd5b1c9a747f364d14526048082db71cd381fdf12a38228a29a132779080117a75355b7124fcd4514c968d0d2ef24865c06383c119eb531b4fb45f09338da7200a28a66525665d964d8bb13a8efef55d4167ce7eb45148934d54ff65fd8d0e3792ec7dbd3357b4081666bcd2401fe9b652c2991ff002d06197f514515a2161dfef0dbf851aac696f79a34eef199f2f1c8bf794edf980f4e064576161a6c3e14d0ae2e63769aeae9f0247fbcd93c64fd0e4fbd1455c8f6e96a8e96e2e117ed10af58e0decdedce3f91ae3357bdd0f4ff000ae9926b56a2e11e301094dc4123268a2923463b4fbb89ac740bb56692dee6dfec6c1c7de38ca93ebca11ff023543588e6d765923b498daeafa4ce248c2e7630232b9f620e314515635b1c77c419ada48b4ed6edde4b7be9be591149e08ebc8ee08c7bd6469f73fd8de12bcd5243baeef835bdb123381d18e7b75fd28a2a27b184be2387bc4dd06cea4a9c9a28a2b98aa4f43fffd9, 0);

-- --------------------------------------------------------

--
-- Estrutura da tabela `vice_prefeito`
--

CREATE TABLE `vice_prefeito` (
  `id_vice` int(11) NOT NULL,
  `id_partido` int(11) NOT NULL,
  `id_prefeito` int(11) NOT NULL,
  `nome` varchar(256) NOT NULL,
  `data_nascimento` date DEFAULT NULL,
  `foto` longblob
) ENGINE=InnoDB DEFAULT CHARSET=latin1;

--
-- Extraindo dados da tabela `vice_prefeito`
--

INSERT INTO `vice_prefeito` (`id_vice`, `id_partido`, `id_prefeito`, `nome`, `data_nascimento`, `foto`) VALUES
(14, 3, 24, 'sdsdsd', '2016-10-03', 0xffd8ffe000104a46494600010200000100010000ffdb004300080606070605080707070909080a0c140d0c0b0b0c1912130f141d1a1f1e1d1a1c1c20242e2720222c231c1c2837292c30313434341f27393d38323c2e333432ffdb0043010909090c0b0c180d0d1832211c213232323232323232323232323232323232323232323232323232323232323232323232323232323232323232323232323232ffc0001108007000c803012200021101031101ffc4001f0000010501010101010100000000000000000102030405060708090a0bffc400b5100002010303020403050504040000017d01020300041105122131410613516107227114328191a1082342b1c11552d1f02433627282090a161718191a25262728292a3435363738393a434445464748494a535455565758595a636465666768696a737475767778797a838485868788898a92939495969798999aa2a3a4a5a6a7a8a9aab2b3b4b5b6b7b8b9bac2c3c4c5c6c7c8c9cad2d3d4d5d6d7d8d9dae1e2e3e4e5e6e7e8e9eaf1f2f3f4f5f6f7f8f9faffc4001f0100030101010101010101010000000000000102030405060708090a0bffc400b51100020102040403040705040400010277000102031104052131061241510761711322328108144291a1b1c109233352f0156272d10a162434e125f11718191a262728292a35363738393a434445464748494a535455565758595a636465666768696a737475767778797a82838485868788898a92939495969798999aa2a3a4a5a6a7a8a9aab2b3b4b5b6b7b8b9bac2c3c4c5c6c7c8c9cad2d3d4d5d6d7d8d9dae2e3e4e5e6e7e8e9eaf2f3f4f5f6f7f8f9faffda000c03010002110311003f00f0ba28a2800a28a2800a28a2800a28a2800a28a2800a28a2800a28a2800a28a2800a28a2800a28a2800a28a2800a28a2800a28a2800a28a2800a28a2800a28a2800a28a2800a29402c703ad5fb6d0f53bcc7d9ecde4cf4db8a02e67d15d743f0bbc6d3c49245e1eba6470195b2a320f4ef530f849e3b3ff32ecff8c91fff001540ae8e2e8aed7fe151f8f3fe85d9ff00efec7ffc5507e1278ec7fccbb3ff00dfd8ff00f8aa02e8e2a8aebe6f85de36b789e497c3d74a880b336e42001d4f5ac1b9d0753b4cfda2d1e3c75c91fe3405d19d45399190e18629b40c28a28a0028a28a0028a28a0028a28a0028a28a0028a28a0028a28a0028a28a007c5feb05769a4584b7a23541c6064d71717fac15e83e1bbd92dbcbdaa186071839a9958899de6b1f0d350f19789f44883b5ae9769a1dac73de14cfcc0361107f1374cf60393d403e87a2fc2ef076876c628f45b7bc760a1e5be413b3633ce186d5ebced033c7a0aab69e30b8b1d434fd2df4f7bb4974782ea28ad54f9e642e8857e6c211870d9dc368472dc6299adf8e3c4be1bb2b5d4754f06e6c1c8fb4b59dff009f25a8ea4baf9607033c83b7230586455168e953c25e1b8d022787f4a551d00b28c0fe550ddf82fc3b791ec3a459c447468615423f21cfe35521f88de1597c347c41fdaaa9a72cc2dd9de270c25201d9b71927073c03c64f41591a078f7c45e29b1bad4747f0703a7a1716f2ddea2216b9da7a2af96403f53b41c8ddc1a0564646a7e00b7d2f539a5b784f94f6574a9205e3e6824520fa1e7f1eddf1e2dac68cf625d71c60e2be85d53c53ac5d5e1b387479acec8e9f732dc0bdb790cacebe6a85568c344b83186cb3fccb22edf7f12f125dcd38937c61063a6d20feb52f425e8cf3998104035154f73f7ea0aa4585145140051451400514514005145140051451400514514005145140051451400f8bfd60af4af0ac11ca88594678e6bcd62ff582bb9d22ededede328c3d719a993b1123e98b4d2617d2ac2f2dfc9b5be16d6f1bddf92ad2790a559a2dc790ac011d78273d4571dabd87c5cbad4a4bed3754d36d2ca49d4c360c10bc519207ef0ec6048072d876e73b73c0ae6fe2278b753d1b4ff0001b46a4e9e2382fa6896603ed3247e5b88db8c80383dc12c0e32a2a0d4ff00686bc92dd174ad020827e0b3dd4e655ef9015429f4e73f855168f4bbab1d0e2b5fb247e1bd31345b6d44fdb4cd671881545b93e7a8e870e5232d838c3e70149183a5d97c5a83575d46ff0050d2a6b04998cba644141788311b623b06091ca6e71fc3bcf515c437ed05ab9d0cdb8d1ad17532bb45d894f960e7af958ebb7fdac679c638a9340f8fb7361a6a5a6a7a1c570d0a6c8a4b79cc790aa02860db89391cb67bf4e3900f5dd43c3f66fa74f7f7b1c379a8dbc571e45e9882c89130936c7b87242a3ede4f246eea6bc0bc536f1c4ae554679e6babf879e2fbfd5acbc74f3b84b19127bbb6b7927c9864904d218d3206410189e9f749c726b83d5ae9e7b790bb0e7903351276644b7385baff00595054f7272f5055a2c28a28a0028a28a0028a28a0028a28a0028a28a0028a28a0028a28a0028a28a007c7f7c5759a2c804b12b00ca71c115c9c5f7c57416ab32aa3468e4803a29a4c967d1763a7699a85f6916da8595adcdbcba65bab457081d388ced201e030c900f501881d6a1d73e0bf8726d399fc3f691e9faa46de6412ccef3c4cc3f824490b02a7e9c7079e41e7eef579ecee740511cc19b46b472c8a786d9ea3a1af50d0bc4716b0044d0c915c08f7b065c2b7ae0fe5c1f5ef834026af63c064f83be398f5fcae9fa74a0ceb27db15e2fb3824863fba207c80f057cbc718008c57a6685f05b408ac9a4f11dbc5a96a53379923c05eda28ce07c88919518073ce067d074af4bdebbf66e1bf19db9e71eb595ae6b916916e405692e19728814903dcfb5329bb1c46b1a3e97a66ab2da59585bdb416f6570238e15dabcdb36e623a162300b75200cf4af0dd6e505e40a028008000af4bb9d6eeaf358bb06294b3d95eb96f2c8e7ecf29fe75e4b782e1c3b3c520e0f5535242d7539f97b54752cc30466a2aa2c28a28a0028a28a0028a28a0028a28a0028a28a0028a28a0028a28a0028a28a000120e41c56858ea57d1dc45147a9c9688ce14ca5df6c609fbc7682703af009f406b3e8a00f54d535af13db789b5cd36c3c69259e97a34820f3a59e77015488c6e0a8cfbb230cc14461ce0101901af06abf12aea28becfe279e6ba95c7976b1de06678ccff006712871fbb2866f93efe7f8b1b7e6ae56d7c63796de23bfd70da5abdd5e5c3dc9c34b118a462c498de37591461d86376083c82402083c6bab5ac51fd9c5ac575138f2eea3802b24627fb408820fdd84137cff733fc39dbf2d00745078bfc5b2eaad676fe369f514165717265b69e58954c7149260f9910248d99c6dc1c81b86491a7a2ea7e38bcd5b4586ffc65750db5edd5b4372239dfcc804ebbe207e4237488095dbb829c6fd95c359f8961b0d59afedbc3fa5c6ad6b25a9b6df726322456476e66ddb8a332fdec60e40cf357078ff58fb3e8b1481253a45c413db992698a9f24623531f99e580060655158e39392c480755aadef8d26f136a7a369fe30bb9ed22d623d211a5b8704b4c640bbbe41f77cb60c40ebf77239af379f57d46e73e7df5c499fefc84d75ba378e2d61f11ea1ae6a96685e6bd8b515b0b781da27b98cb307de660d19cb37fcf45fde1f90ed515c35002962c72493f5a4a28a0028a28a0028a28a0028a28a0028a28a0028a28a0028a28a0028a28a0028a28a0028a28a0028a28a0028a28a0028a28a0028a28a0028a28a0028a28a0028a28a0028a28a00ffd9),
(15, 3, 27, 'Julio', '2016-10-03', 0xffd8ffe000104a46494600010200000100010000ffdb004300080606070605080707070909080a0c140d0c0b0b0c1912130f141d1a1f1e1d1a1c1c20242e2720222c231c1c2837292c30313434341f27393d38323c2e333432ffdb0043010909090c0b0c180d0d1832211c213232323232323232323232323232323232323232323232323232323232323232323232323232323232323232323232323232ffc0001108008800c803012200021101031101ffc4001f0000010501010101010100000000000000000102030405060708090a0bffc400b5100002010303020403050504040000017d01020300041105122131410613516107227114328191a1082342b1c11552d1f02433627282090a161718191a25262728292a3435363738393a434445464748494a535455565758595a636465666768696a737475767778797a838485868788898a92939495969798999aa2a3a4a5a6a7a8a9aab2b3b4b5b6b7b8b9bac2c3c4c5c6c7c8c9cad2d3d4d5d6d7d8d9dae1e2e3e4e5e6e7e8e9eaf1f2f3f4f5f6f7f8f9faffc4001f0100030101010101010101010000000000000102030405060708090a0bffc400b51100020102040403040705040400010277000102031104052131061241510761711322328108144291a1b1c109233352f0156272d10a162434e125f11718191a262728292a35363738393a434445464748494a535455565758595a636465666768696a737475767778797a82838485868788898a92939495969798999aa2a3a4a5a6a7a8a9aab2b3b4b5b6b7b8b9bac2c3c4c5c6c7c8c9cad2d3d4d5d6d7d8d9dae2e3e4e5e6e7e8e9eaf2f3f4f5f6f7f8f9faffda000c03010002110311003f00f73d52ee4b1d327b98911e545f916462ab927032403c735cb2f8c2fd62dd3436bb8384fdc2bcaa4920020f071c8c9c0039cf0335d8cd1c7342f1ca14a11cee008faf3c566c7fd8924e9046fa63c8582ec010b1ca6f0303b95f9ba74eddeae328a5671b912526f47639cd3fc717ba85a453fd84db19137f95736ee8e9ce30df3601e3a66adffc2537dff3cadffef96ff1ab33db43711092db53d1a25b7ba6370cb688ca635690346d97f9580032dd9a362460951a0b1e8d0068e77d3cc88caafb9635c33b95418ed96f954752463934f9a1fcbf893cb3fe6fc0c393c57a8246596de1908fe155393f9b015d65b4bf68b5866dbb7cc40f8ce71919acdbc9fc3ba7b5b2decba5db1ba6db6e2668d3ce3c7099fbc791d3d456b2aaa285550aaa3000180054c9c5ecac545496eee2d145152585145140051451400514514005145140051451401575296e21d3e57b552d3000280bb8f240e95c89d4fc5a923c7f659a6fde612416e1176ed5249182472580c03d0740735db93804fa7a560ea1f64d42de0b33a96a9644cf14be55b868e69514c795fba5fcbcc91ef65c6dc90cc06e15719a8ab588941cba9ca2f887e2035e4519f0d4ab01282598cc9f2e4a862aa13e60031233b4908780700ee7dbbc43fdcb8ffc071ffc4d5ad134b8d4d9bff68788261a6ab451b5fcaebf69f312321e45c0f30a8ca8dc3e562f919008bb159886e21b05d47552e8ed76ecea596505cfeeda42980012308a54e14672339a5517625d27dd936893df5c69fbb508ca4e18820ae32300fa0cf523381d2b468a2b36eecd12b2b05145148635f788dbcb0a5f076863804fb9ac7bbd32196f5a64f0f69f35d1314f25ccfb143488afe5e182b316460a3240dab2654920ad6c9e878cfb573f717d6cb75142fa66b4862963b65f2124118deab229f91b695050216e429dc090acc480694fa75bbdd417dfd9b6525f452129348a03c618047657da4e4a003b67001207351c3a6dbdcea09a95ee9b6a750b72e905d35ba79a89b9c00ad96201523b8cee390b92a30eeadb43bcb43abde695adcc2caea3b889244b9793cc750c1d22c924289ca9017e5da57184006a58f85f43b64325b586c32deff6916767de272bb77fcc72a76f04703048c726802d6a1e1fd17579a39b52d22c2f658fee3dcdb248c9f42c0e3a0aba82613485e48cc471e5aaa10cbeb93939fc863dea4a2800a28a6c9224313cb21c22296638e805003a8ac0d43c63a4e950453dfca2da29485479648d4124640fbdd71dbad323f1ae8f34c218e46794c625d8ac85b61e8d8ddd0fad5fb397623da47b9d151589ff00094d8ffcf2b8ff00be57fc6ae699abdb6aa2536e1f119c316c75c91d89f4349c2495da05522dd932fd1451525851451400514514014e6b1325e8bafb65d46163da2257023079f9c8c724063c1e3a1209504531e23d22df503a75debfa57db9a48d12dbcf44972eabb54a9624b31248e06410307193b073838ebdb3581a8417eb72268fc3da5df07587cc7370125de8c4a70d1e0aa39dc1b76402c554b001801ff65d5aeb4e8e0b7f1143b96d1637bb8ed11a569f00f9bf78a0520e4a6dfe2e187152e8625b4d36517daf8d5a546df2dcb245188c15560b840001b486e7270d9ce314f78af67b28269f4bd35efe2691d236b82c91b15700ac862ce581009da301dbef630d1dde951b4577731687a4cda85cca8651310a2611b8f2d9e4f2d89650030054e08c03c6ea00d8a28a2800a28a2801b20dd1b28664c82372f51ee2b26db5cb29758934f1a946d2c50090c0d1149176852eeec78c626878c0c1cf2790bab34c90446491b6a8ea704fb76ae7e7d6afe2beb616f269b7368cea2e0c9e6c3244b8c12802b8724e48076e318c9cee001a766f14c43c5ac35d2bcbe7280d11051909541b57eee0ee07ef1c7de238aa91788b49b3b3905ceaa5fec65229ee2e13612c656843310aabcbc6e09000182781cd3350d7278edb3a6fd8ae2e0c98c5cc9242aa9eb95472587031c03d723a5687f6cd87fcf7ff00c71bfc2802c417705ce0c0fe62346b2ac8a094756ce0ab7dd6e9d8f420f719720984d217923311c796aa8432fae4e4e7f218f7aa6dae69a832f7214640c9561c93803a7ad5e47592357439560083ea0d005592fd63d66db4e263df3dbcd38cb36ec46d1a9c0db8c7ef0672c0f4c039255bad3b47a0ea2ea70cb6b2107df69a8352b0d4e7d4ecaf34ed4e3b5585248e682781a58e6572873859130ebb080c7380edc73597ac5b7899744bc336afa43c4b6b279ca9a5c8ace3073b49b83b7e5e390dcf3cf4a00bd2f85748b803ed1a6dbcbb4b101cb1e70541e7fd9241fa9154ad7c17a34c2096ff00c39a5c53dbf96b0f95234be5855046d628a46d62c0003a60f04951b99f29ca259dc30cfdf0c3077bfcd825b231f7be9f77278ac52349b76b5b29349d51a0d42686e96668269879c862f2cca7978d86c424b803e4393d72d4a56d593cb1e88bb3e856ca21fb3d84321322897ccb974da9dcae01dc4760719f515a169a7dad8eff00b345b37e377cc4e71f53ef58cf1689e15c5d5b6853402e2410b8d3ac1a5dbb7cd657291038072c37019f9d41f6e8a9b949eec1422b54828a28a9282b1e5d1afe49a475f136ab12b3bb08d23b5da81ba28cc24e17b6493ea5ab628a00c98748be8994bf88f53940923721e3b61b8282190e211c3e72d8e781b4af396ff635ff0091e5ff00c24daaeef2bcbf33cbb5ddbb7eedff00ea71bb1f274dbb7b6ef9ab628a00c94d16e06a46ee5d73529e22ee4d9c821f24a90404c08c361771c7cd93c6e2d815624b68eeede4b2923bb8a10405749da32c005395646dc0738e704ed3c639335eced6d68f2a26f6180141c67240f43eb58e2f750f2480b28c18dc399e3ce063e5e5390db581eff31c11c60032d67f0fea51cb7d75e1cd61bec9b2dcbdde9b3b492441d5d1f6905e51be353d0ba9e5828249eca372ea4b46c8771186c6700e33c13c1ebf8f383c5725aaea37b788d1c45ed5c452c671338cb30c0ddb769014f3f2957e061d79cde93c4e6289e47b31b501638949e07b05a00e868aa5a5ea1fda569f68f28c4376029273d01e72011d7a55da0028a28a00af7b6c6eecde0593cb2d8c3e338c107a7e1594da05cbb6e6d51d8f3c98f3d460f7f4e2b768a6a4d09c5339f6f0dcacc59b502589c9262e4feb49ff0008cc9ff3ff00ff00907ffaf5d0d14f9dff00490b917f4d9cf1f0cb9eb7f9ff00b623fc6b76de2305b45116dc5102eec633818cd494526db1a8a4159faeff00c8bda9ff00d7a4bffa01ad0acbf1145e66837ade648be5dbcad85380dfbb6186f51ce7ea052196e578e6cdb477a619a447d9b0a971b480cca181ced247504648cf6acfbc864b7bd6b9935fd4638a775823b58a185d11d86d1b71117e09df96240c64fca08a8354ff0084bffb7ec8e90743fec5ca7db05d897ed18dff003f9657e5fbb8c67bf5e2ac1bbd6e2b2569adf4917f339586d7edaeb193c1da253192c76ac8f9118c600c6016a0110dac0f717a6de2f146a32cda73225d4263b606427120dffb907952065368c671f3026b7aabda35e323fdb2282360d84f2652e1970393951839c8c73c0073ce058a0028ac3bbf15e9965009ee1992163859199003f36d1d5b232480338ce6a38fc61a5cb9f2fcc7c36c3b769c36338fbdd71daafd9cbb10ea45753a0a2b13fe129b1ff9e571ff007caff8d35bc57a7a0cb24ea32064851c9381de8f673ec2f6b0ee6ed14d8e459624910e51d4329f506a9df6b3a769b2a45797690c920caab6727b7152a2dbb245b696acb3736e9776cf049bb6b8c12a7047bd657fc23369ff003f175ff7d8ff000ab1fdbfa67fcfcffe436ff0a3fb7f4cff009f9ffc86dfe155cb35d192e507d515ff00e119b4ff009f8baffbec7f851ff08cda7fcfc5d7fdf63fc2aedb6ad6377308a09c348464295233f98abb49b92dc6945ec57b2b28ac2dfc988b919dc4b9c926ac514549414514500145158faede5f59ac2d676d77719dc192d9109ea304eee00c669a57761376573628ae286a3e2cf36406d4f961d4236c3965fe224797c11d864e7d4552b4bcf178b4b7b84d2e2b3b9b8984b7d0797bb82304ef541b9c009d460edc67a3569ec9f733f6cbb33d0a8ae3defbc4995d8b3633f366dbb7b71d6bb0a9941c4a84d4b60aa9aaa2c9a45ea30cab412023db69ab74541672d0de8699a5935558a528a0bfd990938cf19033c64fe66a86f8acafa69ac66851e593cc926860488ccd83cbe00ddf79bef679e7ad75ff00d9d63ff3e76fff007e97fc28feceb1ff009f3b7ffbf4bfe155ee93ef1cc7f6d5f7fcff007fe3a9fe15afa05edcde0b8fb4ca242846dc638193e8075005687f6758ff00cf9dbffdfa5ff0a962b786004430c7183d762819fca87cbd01737539ab1d06defb4bd36592ced6559e343746567cbc662c9c01c677ede0f1b73df14e6f07e936b793ddd8787b4dfb4951b2632b46eecce4c81884240e8d9e7712720632534e751a6e88c346bfba748c4cb2c6e8163916df68cee907df562a300ae4fcdb4f357a76b4d45b4f8e7d22f27b5bb1b81963fddc67fd6832c6c72ac0c6b82cb95240e092292949750e58f6211a12b6a0ea6d215b45946d625cbba796723eff00187dbf3739e5760c0737bfb034cff9f6ff00c88dfe34cd1746d3bc3b62f63a5d8bdadaaca582072e189192c32c4f527ae0e474e99d28a5f350b6c74c332e1c60f048cfd0e323d88a7cf2ee1c91ec2c71ac5124683088a1547a01583e2986de1d3ae3519ad353bc11c415adb4e4124b20ddd157b9e73d7a0ae82b32f668ec22496ff583691ac8ce656d91a15de08562c081c6133904e4f7e89369dd0da4d599c46bde1df0f5b5cdd6ff000eebf77258c49761f4f80013b3487842a577bab333e0f23258726b7aeb49d274dd1a6bd48754921b60c82dedad99a562adb36a461324647071b71f3676f35bf23c76f9b99b53290197700ed1840366dd80e338c8ddd7767bedf96b1edb5dd2b59b2b2b9d3f5f7952476bb85a35fde4f1804b222003785de148dac57183870196bda4bb93ece3d8b5a568b6513dbea50adca48f1860b3a8560083c30c6411b8f1d8e6a0f1669f36a105b471ab32073902e4c396380bc8209efc55cf0e6ada6eafa2dbcda55db5cdba46881a4f30498da0a96127cf92a55816e58306c90413a8dbb036853c8ce4e38a1549297327a87246d63829bc3baf9876dba42926c2374aa1c6ee30701d78ebc7b8e46396c9a5dfd858b5c6a4d6d1247feb26695228d727033b9ce3a81c9ef5d9c0b767124f63651ca163198e72d8e5830c98c7014923d4b11f2f53198aeaf11a1bfd374f7819773299cc80b8085720c606376fe7a8d887196212bdb4c8f61031f46d2352b3d5d27951920da5586f5c743e8727271f9515d1d949752da23de5bc76f39cee8925f3028c9c7cd81ce319e300e4027192544a4e4eecd231515644f4c931ba3ca331ddc63b707934fa8a62a1a20663192f85031f39c13b79f6cfe550d5f72ae50923b5bf8750d1af7ed7771c8922cfe75bb22347267e45755556015b6f04b71c92726b02fa1d3b4bb91ad69be1dd4de7bb7887fc4bac614790c8fe6bb48b26d209f2d03b4982b91b4ab6e35ade7c4c756bf6f15016514a518466011d8948f6bab3153f3063bcee3c10a30064324fe28d1b4ad52db46bed5586a0eb1a2472c4434ecee114f0a0125bb2e001b8e00190c0dc462f1ab1464240255b195f638e29d5434ebd5bb9af54493308ae1a3512da3c3b42800852c07983764ef5e39039c64cf693dc4e2537168d6c52428819d5b7a8c7ce31d0139c03ce319009c000b14514500145145001451450062e932c29e1ed343df7904c36e325947384c2723f8b72afafcdc60906a9dbebda5ea3e291a65a7892e5aee2884cd691c49e54a8407044863f9be59171b5fa0f50c6a6d317573a0e98d673d8854b3198a689c99498c797f386fdde1bef7caf91d31536a31f89fed13369977a4790e55628ee6da5dd10e373b32c9893a361004ea3e6e39048daa2b22dd7c441641732e96ccf031431472010cb9f95482c7cc5c1e5be43f2f4f9be5d3844a21413b234a07ccc8a5549f500938fa64d031ca58eedcbb707039ce47ad636b0d76b76040b7457cb18f277601c9eb815b7450072934f7ab1970ba8c6172599d98803f218a6efd57d2fff00ef97aeb6990c315b411c104691431a8448d142aaa8180001d001da9e82d4e77493a9ff006a2fda5ee4c049c0747017e5ee4f079fa56fdc4514ab1f9b11902c8acb8ecc0f07f0a9aab5d5c885a34db2b339c8f2c0ec47073eb91403d8a77a96ed1c167751dedec9712398a4488ab421b20912205116d4720364390382cdd6297c3fa4dd6976d03e98d690acd05c0b7b6630959230a23dde5300db36a0c64a8d8bfdd18923bb682d3c9924be9644501a7758b79c03927680bcec6e83af4c7155e1d62189d59ee6fa6023442ae9100c46ecb9c01cb6467b7ca3007394335216482e9acd23b920ab4fe6c859d32ce495dc49e72785e80600c0180567697aac536a33402eaf6766db859e38d523c2f3b4aa8ce719392704f1818145006dd35cb00366dce7f88d3ab2f5ab88a3b7f22e12de4866470d1cf1ef59318f948e98e7bd005c0f79b4e60833bc003ce3caef209fbbd7660e3d78ce3e6217bddcd8b78368750a7cf392bf2ee246ce08cbe0739c0e464edc46d46ce1b396da0362d0107f70b6c555f7125b2338e4924fae4d65c7269b14c668f46d212522305d6d54310854a73fecec4c7a6c5c7414f958b99773a7d362d4627b84bb4b18ad17cb5b382d55b31a045dc198e01f9f700028c281dce068572ede24bacaed4b6233f36491818edcf3ce2ba8a1a68134f60a28a290c28a28a0028a28a00c7d16e6da0d0ac14bc2920b7895c175539da339fa73f9532df58b8999e56b1b5b70e516312dea79bb727799028655c7f08567ceee76738aeba15f46a6347b62b8db96ea473fec9c75ff0038148fa1dfc8412d6a3031f2923f92d3b0ae89a1fecebf8751d3eff4bb08ec0ce76a48d1491dd2b1dece50742642e482393f3752717a68f46b8120992c241231770e10ee629e59273d494f97e9c74ac9ff00847efbfbd6ff00f7db7ff1351c9e1abb94a16687e460ebb6575e7f01c8f63c5160ba3a9560ca19482a46411d0d636b5e2287459552658fe640cbba5da5c9246d518e4f15ab6d1b456b0c6f8dc88aa71d320551d621b668e2967b9b6b52258c79b3c68db86f5ca7cdfde195e3905b239a22d27aab8a57b68ec617fc27105c2bc5fd9f74034ad6e4ed950eec12483b0617d1c7cb9e8735693c52238d516c9885000dd3963f892327ea6ad593e95aadc2cda65d68d7767b15cac11acac549914b6f56c60b28038eb1b8e49f968c9a6401e39bfe121b7422e4af966dedbca706e7023236eedc3221c861ce0e37569cd4fb19f2d4fe62e69de2437fa8ada1b16881e92190107827818cf6ef8ad2bfd3a1d45504ad2294248646c1e69b60ba64bb9ec8da4cd03b42f243b095917865257a30e84718abd5126af789714ed696a637fc23569ff3f175ff007d8ff0a3fe11ab4ff9f8baff00bec7f856cd1473c87c91336cf44b6b2b813a4933ba820076c819fa0a2b4a8a4db7b8d24b629dd6ab6564585c4e1366d0c769214b1c28240e093d07bd549757d16e0013491c8074df0938fcc547aa6876f7d2ccf2c57726ed921589d002c846d0338390403cf1fcab9f7f879a0c5a9dd3ae93a8cd24d646396f3ed087ce5c05f28967de5b08bc918efbb39ab5c866dcdf43a0fb7787bfb96fff0080e7ff0089a3edde1efee5bffe039ffe26b1ed7c1fa7da5d5d34363acafd92058a166bb464b950bd114b9f986d00b38527d48c9ad44f0d59bedddf6b4ca863b9d383e9c6791f97bd55e1dd936a9d9176cc6917a5cdb416ee5319fdc6319e9d47b569564e81656f6b68d2c105cdb9998ef86e5406560cc0f4e3ae4e4120f504839ad6ace56be86b1bdb533df5bd390fcd71c64804231071e871834cff0084834b18ff004aebfec37f856359f862c356d1ed66bd496412c5148518ab264856c8520f46e7d78ac96f05f872f34976b6d0f55b982e9434bf28b79a531ba851279c5242dcb1cb750ad93caeebb5322f50ec3fb7f4cff9f9ff00c86dfe147f6fe99ff3f3ff0090dbfc2b9183c33a6c51d8cf6ba0ebecd6b6e5231e7c48c9f304689b7c837918dd93b9085dcac72b9dd4f0f5b3797982fd3748e8773c5f205dd87383f75b0318c9f98640e705a9f98af57b235ed355b2be99a2b69c49228cb2ed23038f51ee2ae56368da5416571733a5bdcc0fbda3fdf3467cd031871b09e0e063383c72056cd44ad7f74d23cd6f7828a28a92828a28a002b17c417308b63672d9d9de0914335bde6e11b7cc319c46e3b13d3a815b5597a859dfcd7425b396045d8a0f9839c8624763ed4d2b89bb180b1691716d6369a8e8ba15c4289e54e45ab05458f708bcb8da223043bfca586cdec017c926fc17f617734d26a76160a52e3cdb778d5e666214a891b744bb5f69c71bb00e334368daabc62369ad768248193dfaf6f6151ffc23fa87fcf4b5ff00be9bfc29f2f98b9bc8d3d2a7d1ed618b4ed2a186da15cf970416e6245eac7000007393f535ab5cfe95a0cf63a91ba90db8ddcb98f259ce368ce7daba0a4d5869dc28a28a430a28a280333503a87da17ecd04a5401878e745cfcc09055948fe1c67d18e083d28c9ff00090cb75752159628a48cc704503c23cac81f392cac59c1c91d1718054e0925155ccbb13cafb925ac9aec7143f6ab769a6556f34ac91a23b120e42e09006080371e0f258fcd505c5aea73c9e71b6bcf394ee4ff00898158f72b3326e442a1946e208fe30007dd8041451ccbb7e61cafbfe5fe46ae9df6af32e9ee60922f3240ea1e7f300f940c28fe11f2838f524f5c9abf451498d1cf5b41ab59dadbdaac1332c1188f29711857c2a80465491f7738cff11ce78c4d7526b3716b34515b5c5abc846d9a19e12f174fbbbd197b1ea0f53ed828a7ccbb0b95f7fc8ab241afc92332dc6a31868d502acb6b852319719889c9c739e3938038ab28dac2b444dbdcb04903906e22f9c6cdbb4fc99c67e7f5dddf6fcb4514732edf9872beff0097f91634d8ef16fef26b88ae112e0ab8492e16448c850b84503e507193ef9f5ad4a28a4c695828a28a430a28a2800a28a2800a28a2800a28a2800a28a2800a28a2803fffd9),
(16, 3, 28, 'Google', '2016-10-06', 0xffd8ffe000104a46494600010200000100010000ffdb004300080606070605080707070909080a0c140d0c0b0b0c1912130f141d1a1f1e1d1a1c1c20242e2720222c231c1c2837292c30313434341f27393d38323c2e333432ffdb0043010909090c0b0c180d0d1832211c213232323232323232323232323232323232323232323232323232323232323232323232323232323232323232323232323232ffc0001108008800c803012200021101031101ffc4001f0000010501010101010100000000000000000102030405060708090a0bffc400b5100002010303020403050504040000017d01020300041105122131410613516107227114328191a1082342b1c11552d1f02433627282090a161718191a25262728292a3435363738393a434445464748494a535455565758595a636465666768696a737475767778797a838485868788898a92939495969798999aa2a3a4a5a6a7a8a9aab2b3b4b5b6b7b8b9bac2c3c4c5c6c7c8c9cad2d3d4d5d6d7d8d9dae1e2e3e4e5e6e7e8e9eaf1f2f3f4f5f6f7f8f9faffc4001f0100030101010101010101010000000000000102030405060708090a0bffc400b51100020102040403040705040400010277000102031104052131061241510761711322328108144291a1b1c109233352f0156272d10a162434e125f11718191a262728292a35363738393a434445464748494a535455565758595a636465666768696a737475767778797a82838485868788898a92939495969798999aa2a3a4a5a6a7a8a9aab2b3b4b5b6b7b8b9bac2c3c4c5c6c7c8c9cad2d3d4d5d6d7d8d9dae2e3e4e5e6e7e8e9eaf2f3f4f5f6f7f8f9faffda000c03010002110311003f00f73d52ee4b1d327b98911e545f916462ab927032403c735cb2f8c2fd62dd3436bb8384fdc2bcaa4920020f071c8c9c0039cf0335d8cd1c7342f1ca14a11cee008faf3c566c7fd8924e9046fa63c8582ec010b1ca6f0303b95f9ba74eddeae328a5671b912526f47639cd3fc717ba85a453fd84db19137f95736ee8e9ce30df3601e3a66adffc2537dff3cadffef96ff1ab33db43711092db53d1a25b7ba6370cb688ca635690346d97f9580032dd9a362460951a0b1e8d0068e77d3cc88caafb9635c33b95418ed96f954752463934f9a1fcbf893cb3fe6fc0c393c57a8246596de1908fe155393f9b015d65b4bf68b5866dbb7cc40f8ce71919acdbc9fc3ba7b5b2decba5db1ba6db6e2668d3ce3c7099fbc791d3d456b2aaa285550aaa3000180054c9c5ecac545496eee2d145152585145140051451400514514005145140051451401575296e21d3e57b552d3000280bb8f240e95c89d4fc5a923c7f659a6fde612416e1176ed5249182472580c03d0740735db93804fa7a560ea1f64d42de0b33a96a9644cf14be55b868e69514c795fba5fcbcc91ef65c6dc90cc06e15719a8ab588941cba9ca2f887e2035e4519f0d4ab01282598cc9f2e4a862aa13e60031233b4908780700ee7dbbc43fdcb8ffc071ffc4d5ad134b8d4d9bff68788261a6ab451b5fcaebf69f312321e45c0f30a8ca8dc3e562f919008bb159886e21b05d47552e8ed76ecea596505cfeeda42980012308a54e14672339a5517625d27dd936893df5c69fbb508ca4e18820ae32300fa0cf523381d2b468a2b36eecd12b2b05145148635f788dbcb0a5f076863804fb9ac7bbd32196f5a64f0f69f35d1314f25ccfb143488afe5e182b316460a3240dab2654920ad6c9e878cfb573f717d6cb75142fa66b4862963b65f2124118deab229f91b695050216e429dc090acc480694fa75bbdd417dfd9b6525f452129348a03c618047657da4e4a003b67001207351c3a6dbdcea09a95ee9b6a750b72e905d35ba79a89b9c00ad96201523b8cee390b92a30eeadb43bcb43abde695adcc2caea3b889244b9793cc750c1d22c924289ca9017e5da57184006a58f85f43b64325b586c32deff6916767de272bb77fcc72a76f04703048c726802d6a1e1fd17579a39b52d22c2f658fee3dcdb248c9f42c0e3a0aba82613485e48cc471e5aaa10cbeb93939fc863dea4a2800a28a6c9224313cb21c22296638e805003a8ac0d43c63a4e950453dfca2da29485479648d4124640fbdd71dbad323f1ae8f34c218e46794c625d8ac85b61e8d8ddd0fad5fb397623da47b9d151589ff00094d8ffcf2b8ff00be57fc6ae699abdb6aa2536e1f119c316c75c91d89f4349c2495da05522dd932fd1451525851451400514514014e6b1325e8bafb65d46163da2257023079f9c8c724063c1e3a1209504531e23d22df503a75debfa57db9a48d12dbcf44972eabb54a9624b31248e06410307193b073838ebdb3581a8417eb72268fc3da5df07587cc7370125de8c4a70d1e0aa39dc1b76402c554b001801ff65d5aeb4e8e0b7f1143b96d1637bb8ed11a569f00f9bf78a0520e4a6dfe2e187152e8625b4d36517daf8d5a546df2dcb245188c15560b840001b486e7270d9ce314f78af67b28269f4bd35efe2691d236b82c91b15700ac862ce581009da301dbef630d1dde951b4577731687a4cda85cca8651310a2611b8f2d9e4f2d89650030054e08c03c6ea00d8a28a2800a28a2801b20dd1b28664c82372f51ee2b26db5cb29758934f1a946d2c50090c0d1149176852eeec78c626878c0c1cf2790bab34c90446491b6a8ea704fb76ae7e7d6afe2beb616f269b7368cea2e0c9e6c3244b8c12802b8724e48076e318c9cee001a766f14c43c5ac35d2bcbe7280d11051909541b57eee0ee07ef1c7de238aa91788b49b3b3905ceaa5fec65229ee2e13612c656843310aabcbc6e09000182781cd3350d7278edb3a6fd8ae2e0c98c5cc9242aa9eb95472587031c03d723a5687f6cd87fcf7ff00c71bfc2802c417705ce0c0fe62346b2ac8a094756ce0ab7dd6e9d8f420f719720984d217923311c796aa8432fae4e4e7f218f7aa6dae69a832f7214640c9561c93803a7ad5e47592357439560083ea0d005592fd63d66db4e263df3dbcd38cb36ec46d1a9c0db8c7ef0672c0f4c039255bad3b47a0ea2ea70cb6b2107df69a8352b0d4e7d4ecaf34ed4e3b5585248e682781a58e6572873859130ebb080c7380edc73597ac5b7899744bc336afa43c4b6b279ca9a5c8ace3073b49b83b7e5e390dcf3cf4a00bd2f85748b803ed1a6dbcbb4b101cb1e70541e7fd9241fa9154ad7c17a34c2096ff00c39a5c53dbf96b0f95234be5855046d628a46d62c0003a60f04951b99f29ca259dc30cfdf0c3077bfcd825b231f7be9f77278ac52349b76b5b29349d51a0d42686e96668269879c862f2cca7978d86c424b803e4393d72d4a56d593cb1e88bb3e856ca21fb3d84321322897ccb974da9dcae01dc4760719f515a169a7dad8eff00b345b37e377cc4e71f53ef58cf1689e15c5d5b6853402e2410b8d3ac1a5dbb7cd657291038072c37019f9d41f6e8a9b949eec1422b54828a28a9282b1e5d1afe49a475f136ab12b3bb08d23b5da81ba28cc24e17b6493ea5ab628a00c98748be8994bf88f53940923721e3b61b8282190e211c3e72d8e781b4af396ff635ff0091e5ff00c24daaeef2bcbf33cbb5ddbb7eedff00ea71bb1f274dbb7b6ef9ab628a00c94d16e06a46ee5d73529e22ee4d9c821f24a90404c08c361771c7cd93c6e2d815624b68eeede4b2923bb8a10405749da32c005395646dc0738e704ed3c639335eced6d68f2a26f6180141c67240f43eb58e2f750f2480b28c18dc399e3ce063e5e5390db581eff31c11c60032d67f0fea51cb7d75e1cd61bec9b2dcbdde9b3b492441d5d1f6905e51be353d0ba9e5828249eca372ea4b46c8771186c6700e33c13c1ebf8f383c5725aaea37b788d1c45ed5c452c671338cb30c0ddb769014f3f2957e061d79cde93c4e6289e47b31b501638949e07b05a00e868aa5a5ea1fda569f68f28c4376029273d01e72011d7a55da0028a28a00af7b6c6eecde0593cb2d8c3e338c107a7e1594da05cbb6e6d51d8f3c98f3d460f7f4e2b768a6a4d09c5339f6f0dcacc59b502589c9262e4feb49ff0008cc9ff3ff00ff00907ffaf5d0d14f9dff00490b917f4d9cf1f0cb9eb7f9ff00b623fc6b76de2305b45116dc5102eec633818cd494526db1a8a4159faeff00c8bda9ff00d7a4bffa01ad0acbf1145e66837ade648be5dbcad85380dfbb6186f51ce7ea052196e578e6cdb477a619a447d9b0a971b480cca181ced247504648cf6acfbc864b7bd6b9935fd4638a775823b58a185d11d86d1b71117e09df96240c64fca08a8354ff0084bffb7ec8e90743fec5ca7db05d897ed18dff003f9657e5fbb8c67bf5e2ac1bbd6e2b2569adf4917f339586d7edaeb193c1da253192c76ac8f9118c600c6016a0110dac0f717a6de2f146a32cda73225d4263b606427120dffb907952065368c671f3026b7aabda35e323fdb2282360d84f2652e1970393951839c8c73c0073ce058a0028ac3bbf15e9965009ee1992163859199003f36d1d5b232480338ce6a38fc61a5cb9f2fcc7c36c3b769c36338fbdd71daafd9cbb10ea45753a0a2b13fe129b1ff9e571ff007caff8d35bc57a7a0cb24ea32064851c9381de8f673ec2f6b0ee6ed14d8e459624910e51d4329f506a9df6b3a769b2a45797690c920caab6727b7152a2dbb245b696acb3736e9776cf049bb6b8c12a7047bd657fc23369ff003f175ff7d8ff000ab1fdbfa67fcfcffe436ff0a3fb7f4cff009f9ffc86dfe155cb35d192e507d515ff00e119b4ff009f8baffbec7f851ff08cda7fcfc5d7fdf63fc2aedb6ad6377308a09c348464295233f98abb49b92dc6945ec57b2b28ac2dfc988b919dc4b9c926ac514549414514500145158faede5f59ac2d676d77719dc192d9109ea304eee00c669a57761376573628ae286a3e2cf36406d4f961d4236c3965fe224797c11d864e7d4552b4bcf178b4b7b84d2e2b3b9b8984b7d0797bb82304ef541b9c009d460edc67a3569ec9f733f6cbb33d0a8ae3defbc4995d8b3633f366dbb7b71d6bb0a9941c4a84d4b60aa9aaa2c9a45ea30cab412023db69ab74541672d0de8699a5935558a528a0bfd990938cf19033c64fe66a86f8acafa69ac66851e593cc926860488ccd83cbe00ddf79bef679e7ad75ff00d9d63ff3e76fff007e97fc28feceb1ff009f3b7ffbf4bfe155ee93ef1cc7f6d5f7fcff007fe3a9fe15afa05edcde0b8fb4ca242846dc638193e8075005687f6758ff00cf9dbffdfa5ff0a962b786004430c7183d762819fca87cbd01737539ab1d06defb4bd36592ced6559e343746567cbc662c9c01c677ede0f1b73df14e6f07e936b793ddd8787b4dfb4951b2632b46eecce4c81884240e8d9e7712720632534e751a6e88c346bfba748c4cb2c6e8163916df68cee907df562a300ae4fcdb4f357a76b4d45b4f8e7d22f27b5bb1b81963fddc67fd6832c6c72ac0c6b82cb95240e092292949750e58f6211a12b6a0ea6d215b45946d625cbba796723eff00187dbf3739e5760c0737bfb034cff9f6ff00c88dfe34cd1746d3bc3b62f63a5d8bdadaaca582072e189192c32c4f527ae0e474e99d28a5f350b6c74c332e1c60f048cfd0e323d88a7cf2ee1c91ec2c71ac5124683088a1547a01583e2986de1d3ae3519ad353bc11c415adb4e4124b20ddd157b9e73d7a0ae82b32f668ec22496ff583691ac8ce656d91a15de08562c081c6133904e4f7e89369dd0da4d599c46bde1df0f5b5cdd6ff000eebf77258c49761f4f80013b3487842a577bab333e0f23258726b7aeb49d274dd1a6bd48754921b60c82dedad99a562adb36a461324647071b71f3676f35bf23c76f9b99b53290197700ed1840366dd80e338c8ddd7767bedf96b1edb5dd2b59b2b2b9d3f5f7952476bb85a35fde4f1804b222003785de148dac57183870196bda4bb93ece3d8b5a568b6513dbea50adca48f1860b3a8560083c30c6411b8f1d8e6a0f1669f36a105b471ab32073902e4c396380bc8209efc55cf0e6ada6eafa2dbcda55db5cdba46881a4f30498da0a96127cf92a55816e58306c90413a8dbb036853c8ce4e38a1549297327a87246d63829bc3baf9876dba42926c2374aa1c6ee30701d78ebc7b8e46396c9a5dfd858b5c6a4d6d1247feb26695228d727033b9ce3a81c9ef5d9c0b767124f63651ca163198e72d8e5830c98c7014923d4b11f2f53198aeaf11a1bfd374f7819773299cc80b8085720c606376fe7a8d887196212bdb4c8f61031f46d2352b3d5d27951920da5586f5c743e8727271f9515d1d949752da23de5bc76f39cee8925f3028c9c7cd81ce319e300e4027192544a4e4eecd231515644f4c931ba3ca331ddc63b707934fa8a62a1a20663192f85031f39c13b79f6cfe550d5f72ae50923b5bf8750d1af7ed7771c8922cfe75bb22347267e45755556015b6f04b71c92726b02fa1d3b4bb91ad69be1dd4de7bb7887fc4bac614790c8fe6bb48b26d209f2d03b4982b91b4ab6e35ade7c4c756bf6f15016514a518466011d8948f6bab3153f3063bcee3c10a30064324fe28d1b4ad52db46bed5586a0eb1a2472c4434ecee114f0a0125bb2e001b8e00190c0dc462f1ab1464240255b195f638e29d5434ebd5bb9af54493308ae1a3512da3c3b42800852c07983764ef5e39039c64cf693dc4e2537168d6c52428819d5b7a8c7ce31d0139c03ce319009c000b14514500145145001451450062e932c29e1ed343df7904c36e325947384c2723f8b72afafcdc60906a9dbebda5ea3e291a65a7892e5aee2884cd691c49e54a8407044863f9be59171b5fa0f50c6a6d317573a0e98d673d8854b3198a689c99498c797f386fdde1bef7caf91d31536a31f89fed13369977a4790e55628ee6da5dd10e373b32c9893a361004ea3e6e39048daa2b22dd7c441641732e96ccf031431472010cb9f95482c7cc5c1e5be43f2f4f9be5d3844a21413b234a07ccc8a5549f500938fa64d031ca58eedcbb707039ce47ad636b0d76b76040b7457cb18f277601c9eb815b7450072934f7ab1970ba8c6172599d98803f218a6efd57d2fff00ef97aeb6990c315b411c104691431a8448d142aaa8180001d001da9e82d4e77493a9ff006a2fda5ee4c049c0747017e5ee4f079fa56fdc4514ab1f9b11902c8acb8ecc0f07f0a9aab5d5c885a34db2b339c8f2c0ec47073eb91403d8a77a96ed1c167751dedec9712398a4488ab421b20912205116d4720364390382cdd6297c3fa4dd6976d03e98d690acd05c0b7b6630959230a23dde5300db36a0c64a8d8bfdd18923bb682d3c9924be9644501a7758b79c03927680bcec6e83af4c7155e1d62189d59ee6fa6023442ae9100c46ecb9c01cb6467b7ca3007394335216482e9acd23b920ab4fe6c859d32ce495dc49e72785e80600c0180567697aac536a33402eaf6766db859e38d523c2f3b4aa8ce719392704f1818145006dd35cb00366dce7f88d3ab2f5ab88a3b7f22e12de4866470d1cf1ef59318f948e98e7bd005c0f79b4e60833bc003ce3caef209fbbd7660e3d78ce3e6217bddcd8b78368750a7cf392bf2ee246ce08cbe0739c0e464edc46d46ce1b396da0362d0107f70b6c555f7125b2338e4924fae4d65c7269b14c668f46d212522305d6d54310854a73fecec4c7a6c5c7414f958b99773a7d362d4627b84bb4b18ad17cb5b382d55b31a045dc198e01f9f700028c281dce068572ede24bacaed4b6233f36491818edcf3ce2ba8a1a68134f60a28a290c28a28a0028a28a00c7d16e6da0d0ac14bc2920b7895c175539da339fa73f9532df58b8999e56b1b5b70e516312dea79bb727799028655c7f08567ceee76738aeba15f46a6347b62b8db96ea473fec9c75ff0038148fa1dfc8412d6a3031f2923f92d3b0ae89a1fecebf8751d3eff4bb08ec0ce76a48d1491dd2b1dece50742642e482393f3752717a68f46b8120992c241231770e10ee629e59273d494f97e9c74ac9ff00847efbfbd6ff00f7db7ff1351c9e1abb94a16687e460ebb6575e7f01c8f63c5160ba3a9560ca19482a46411d0d636b5e2287459552658fe640cbba5da5c9246d518e4f15ab6d1b456b0c6f8dc88aa71d320551d621b668e2967b9b6b52258c79b3c68db86f5ca7cdfde195e3905b239a22d27aab8a57b68ec617fc27105c2bc5fd9f74034ad6e4ed950eec12483b0617d1c7cb9e8735693c52238d516c9885000dd3963f892327ea6ad593e95aadc2cda65d68d7767b15cac11acac549914b6f56c60b28038eb1b8e49f968c9a6401e39bfe121b7422e4af966dedbca706e7023236eedc3221c861ce0e37569cd4fb19f2d4fe62e69de2437fa8ada1b16881e92190107827818cf6ef8ad2bfd3a1d45504ad2294248646c1e69b60ba64bb9ec8da4cd03b42f243b095917865257a30e84718abd5126af789714ed696a637fc23569ff3f175ff007d8ff0a3fe11ab4ff9f8baff00bec7f856cd1473c87c91336cf44b6b2b813a4933ba820076c819fa0a2b4a8a4db7b8d24b629dd6ab6564585c4e1366d0c769214b1c28240e093d07bd549757d16e0013491c8074df0938fcc547aa6876f7d2ccf2c57726ed921589d002c846d0338390403cf1fcab9f7f879a0c5a9dd3ae93a8cd24d646396f3ed087ce5c05f28967de5b08bc918efbb39ab5c866dcdf43a0fb7787bfb96fff0080e7ff0089a3edde1efee5bffe039ffe26b1ed7c1fa7da5d5d34363acafd92058a166bb464b950bd114b9f986d00b38527d48c9ad44f0d59bedddf6b4ca863b9d383e9c6791f97bd55e1dd936a9d9176cc6917a5cdb416ee5319fdc6319e9d47b569564e81656f6b68d2c105cdb9998ef86e5406560cc0f4e3ae4e4120f504839ad6ace56be86b1bdb533df5bd390fcd71c64804231071e871834cff0084834b18ff004aebfec37f856359f862c356d1ed66bd496412c5148518ab264856c8520f46e7d78ac96f05f872f34976b6d0f55b982e9434bf28b79a531ba851279c5242dcb1cb750ad93caeebb5322f50ec3fb7f4cff9f9ff00c86dfe147f6fe99ff3f3ff0090dbfc2b9183c33a6c51d8cf6ba0ebecd6b6e5231e7c48c9f304689b7c837918dd93b9085dcac72b9dd4f0f5b3797982fd3748e8773c5f205dd87383f75b0318c9f98640e705a9f98af57b235ed355b2be99a2b69c49228cb2ed23038f51ee2ae56368da5416571733a5bdcc0fbda3fdf3467cd031871b09e0e063383c72056cd44ad7f74d23cd6f7828a28a92828a28a002b17c417308b63672d9d9de0914335bde6e11b7cc319c46e3b13d3a815b5597a859dfcd7425b396045d8a0f9839c8624763ed4d2b89bb180b1691716d6369a8e8ba15c4289e54e45ab05458f708bcb8da223043bfca586cdec017c926fc17f617734d26a76160a52e3cdb778d5e666214a891b744bb5f69c71bb00e334368daabc62369ad768248193dfaf6f6151ffc23fa87fcf4b5ff00be9bfc29f2f98b9bc8d3d2a7d1ed618b4ed2a186da15cf970416e6245eac7000007393f535ab5cfe95a0cf63a91ba90db8ddcb98f259ce368ce7daba0a4d5869dc28a28a430a28a280333503a87da17ecd04a5401878e745cfcc09055948fe1c67d18e083d28c9ff00090cb75752159628a48cc704503c23cac81f392cac59c1c91d1718054e0925155ccbb13cafb925ac9aec7143f6ab769a6556f34ac91a23b120e42e09006080371e0f258fcd505c5aea73c9e71b6bcf394ee4ff00898158f72b3326e442a1946e208fe30007dd8041451ccbb7e61cafbfe5fe46ae9df6af32e9ee60922f3240ea1e7f300f940c28fe11f2838f524f5c9abf451498d1cf5b41ab59dadbdaac1332c1188f29711857c2a80465491f7738cff11ce78c4d7526b3716b34515b5c5abc846d9a19e12f174fbbbd197b1ea0f53ed828a7ccbb0b95f7fc8ab241afc92332dc6a31868d502acb6b852319719889c9c739e3938038ab28dac2b444dbdcb04903906e22f9c6cdbb4fc99c67e7f5dddf6fcb4514732edf9872beff0097f91634d8ef16fef26b88ae112e0ab8492e16448c850b84503e507193ef9f5ad4a28a4c695828a28a430a28a2800a28a2800a28a2800a28a2800a28a2800a28a2803fffd9);

-- --------------------------------------------------------

--
-- Estrutura da tabela `voto_branco`
--

CREATE TABLE `voto_branco` (
  `voto_branco_prefeito` int(11) NOT NULL DEFAULT '0',
  `voto_branco_vereador` int(11) NOT NULL DEFAULT '0'
) ENGINE=InnoDB DEFAULT CHARSET=latin1;

--
-- Extraindo dados da tabela `voto_branco`
--

INSERT INTO `voto_branco` (`voto_branco_prefeito`, `voto_branco_vereador`) VALUES
(0, 0);

-- --------------------------------------------------------

--
-- Estrutura da tabela `voto_nulo`
--

CREATE TABLE `voto_nulo` (
  `voto_nulo_prefeito` int(11) NOT NULL DEFAULT '0',
  `voto_nulo_vereador` int(11) NOT NULL DEFAULT '0'
) ENGINE=InnoDB DEFAULT CHARSET=latin1;

--
-- Extraindo dados da tabela `voto_nulo`
--

INSERT INTO `voto_nulo` (`voto_nulo_prefeito`, `voto_nulo_vereador`) VALUES
(0, 0);

--
-- Indexes for dumped tables
--

--
-- Indexes for table `cidade`
--
ALTER TABLE `cidade`
  ADD PRIMARY KEY (`id_cidade`),
  ADD KEY `id_estado` (`id_estado`);

--
-- Indexes for table `coligacao`
--
ALTER TABLE `coligacao`
  ADD PRIMARY KEY (`id_coligacao`),
  ADD UNIQUE KEY `nome_coligacao` (`nome_coligacao`),
  ADD KEY `id_partido` (`id_partido`);

--
-- Indexes for table `eleitor`
--
ALTER TABLE `eleitor`
  ADD PRIMARY KEY (`id_eleitor`),
  ADD KEY `id_cidade` (`id_cidade`);

--
-- Indexes for table `estado`
--
ALTER TABLE `estado`
  ADD PRIMARY KEY (`id_estado`),
  ADD UNIQUE KEY `uf` (`uf`);

--
-- Indexes for table `partido`
--
ALTER TABLE `partido`
  ADD PRIMARY KEY (`id_partido`),
  ADD UNIQUE KEY `numero` (`numero`),
  ADD UNIQUE KEY `sigla` (`sigla`),
  ADD UNIQUE KEY `nome_partido` (`nome_partido`);

--
-- Indexes for table `prefeito`
--
ALTER TABLE `prefeito`
  ADD PRIMARY KEY (`id_prefeito`),
  ADD UNIQUE KEY `UNIQUE` (`numero`),
  ADD KEY `id_partido` (`id_partido`);

--
-- Indexes for table `usuario`
--
ALTER TABLE `usuario`
  ADD PRIMARY KEY (`id_user`),
  ADD UNIQUE KEY `UNIQUE` (`login`);

--
-- Indexes for table `vereador`
--
ALTER TABLE `vereador`
  ADD PRIMARY KEY (`id_vereador`),
  ADD UNIQUE KEY `numero` (`numero`),
  ADD KEY `id_partido` (`id_partido`),
  ADD KEY `prefeito_ibfk_2` (`id_prefeito`);

--
-- Indexes for table `vice_prefeito`
--
ALTER TABLE `vice_prefeito`
  ADD PRIMARY KEY (`id_vice`),
  ADD KEY `id_partido` (`id_partido`),
  ADD KEY `id_prefeito` (`id_prefeito`);

--
-- AUTO_INCREMENT for dumped tables
--

--
-- AUTO_INCREMENT for table `cidade`
--
ALTER TABLE `cidade`
  MODIFY `id_cidade` int(11) NOT NULL AUTO_INCREMENT, AUTO_INCREMENT=30;
--
-- AUTO_INCREMENT for table `coligacao`
--
ALTER TABLE `coligacao`
  MODIFY `id_coligacao` int(11) NOT NULL AUTO_INCREMENT;
--
-- AUTO_INCREMENT for table `eleitor`
--
ALTER TABLE `eleitor`
  MODIFY `id_eleitor` bigint(12) NOT NULL AUTO_INCREMENT, AUTO_INCREMENT=123456789040;
--
-- AUTO_INCREMENT for table `estado`
--
ALTER TABLE `estado`
  MODIFY `id_estado` int(11) NOT NULL AUTO_INCREMENT, AUTO_INCREMENT=26;
--
-- AUTO_INCREMENT for table `partido`
--
ALTER TABLE `partido`
  MODIFY `id_partido` int(11) NOT NULL AUTO_INCREMENT, AUTO_INCREMENT=14;
--
-- AUTO_INCREMENT for table `prefeito`
--
ALTER TABLE `prefeito`
  MODIFY `id_prefeito` int(11) NOT NULL AUTO_INCREMENT, AUTO_INCREMENT=29;
--
-- AUTO_INCREMENT for table `usuario`
--
ALTER TABLE `usuario`
  MODIFY `id_user` int(11) NOT NULL AUTO_INCREMENT, AUTO_INCREMENT=2;
--
-- AUTO_INCREMENT for table `vereador`
--
ALTER TABLE `vereador`
  MODIFY `id_vereador` int(11) NOT NULL AUTO_INCREMENT, AUTO_INCREMENT=26;
--
-- AUTO_INCREMENT for table `vice_prefeito`
--
ALTER TABLE `vice_prefeito`
  MODIFY `id_vice` int(11) NOT NULL AUTO_INCREMENT, AUTO_INCREMENT=17;
--
-- Constraints for dumped tables
--

--
-- Limitadores para a tabela `cidade`
--
ALTER TABLE `cidade`
  ADD CONSTRAINT `cidade_ibfk_1` FOREIGN KEY (`id_estado`) REFERENCES `estado` (`id_estado`) ON DELETE CASCADE;

--
-- Limitadores para a tabela `coligacao`
--
ALTER TABLE `coligacao`
  ADD CONSTRAINT `coligacao_ibfk_1` FOREIGN KEY (`id_partido`) REFERENCES `partido` (`id_partido`) ON DELETE CASCADE;

--
-- Limitadores para a tabela `eleitor`
--
ALTER TABLE `eleitor`
  ADD CONSTRAINT `eleitor_ibfk_1` FOREIGN KEY (`id_cidade`) REFERENCES `cidade` (`id_cidade`);

--
-- Limitadores para a tabela `prefeito`
--
ALTER TABLE `prefeito`
  ADD CONSTRAINT `prefeito_ibfk_1` FOREIGN KEY (`id_partido`) REFERENCES `partido` (`id_partido`) ON DELETE CASCADE;

--
-- Limitadores para a tabela `vereador`
--
ALTER TABLE `vereador`
  ADD CONSTRAINT `prefeito_ibfk_2` FOREIGN KEY (`id_prefeito`) REFERENCES `prefeito` (`id_prefeito`) ON DELETE CASCADE,
  ADD CONSTRAINT `vereador_ibfk_1` FOREIGN KEY (`id_partido`) REFERENCES `partido` (`id_partido`) ON DELETE CASCADE;

--
-- Limitadores para a tabela `vice_prefeito`
--
ALTER TABLE `vice_prefeito`
  ADD CONSTRAINT `vice_prefeito_ibfk_1` FOREIGN KEY (`id_partido`) REFERENCES `partido` (`id_partido`) ON DELETE CASCADE,
  ADD CONSTRAINT `vice_prefeito_ibfk_2` FOREIGN KEY (`id_prefeito`) REFERENCES `prefeito` (`id_prefeito`) ON DELETE CASCADE;

/*!40101 SET CHARACTER_SET_CLIENT=@OLD_CHARACTER_SET_CLIENT */;
/*!40101 SET CHARACTER_SET_RESULTS=@OLD_CHARACTER_SET_RESULTS */;
/*!40101 SET COLLATION_CONNECTION=@OLD_COLLATION_CONNECTION */;
